pandal_id,name,zone,sub_zone,lat,lng,nearest_metro,metro_walk_min,nearest_auto_stand,theme_category,rating,base_wait_min,famous_for,police_cordon_zone,vip_pass_available
p-1,108 Shiv Mandir Barwari Samity,South,Other Zone,22.54746,88.36706,Esplanade Interchange,3,Esplanade Central Stand,Heritage & Traditional,4.4,50,Unique heritage & traditional showcasing artisanal craftsmanship and community heritage.,True,True
p-2,14 Pally Udayan Sangha,Central,Central Kolkata,22.58304,88.35449,MG Road / Central / Sealdah,7,College Street Auto Stand,Grand Lighting & Architecture,4.3,30,Unique grand lighting & architecture showcasing artisanal craftsmanship and community heritage.,False,True
p-3,2 No Basudebpur Sarbojanin Durga Puja,South,Behala,22.51227,88.3057,Taratala / Behala Chowrasta,16,Behala Tram Depot Auto Point,Heritage & Traditional,4.6,45,Unique heritage & traditional showcasing artisanal craftsmanship and community heritage.,False,False
p-4,21 Pally Sarbojanin Durgotsab Samiti,South,South Kolkata,22.52764,88.36573,Kalighat / Jatin Das Park / Gariahat,9,Kalighat Auto Stand,Bonedi Bari,4.4,40,Unique bonedi bari showcasing artisanal craftsmanship and community heritage.,False,False
p-5,22 Palli Sarodotsav,South,South Kolkata,22.50917,88.34208,Kalighat / Jatin Das Park / Gariahat,9,Kalighat Auto Stand,Bonedi Bari,4.4,40,Unique bonedi bari showcasing artisanal craftsmanship and community heritage.,True,False
p-6,23 Pally Sarbojanin Durgotsab,South,South 24 Parganas,22.4475,88.37736,Kavi Subhash (New Garia),12,Garia Station Auto Stand,Bonedi Bari,4.4,90,Unique bonedi bari showcasing artisanal craftsmanship and community heritage.,False,True
p-7,25 Pally Durga Puja,South,South Kolkata,22.53506,88.37013,Kalighat / Jatin Das Park / Gariahat,5,Kalighat Auto Stand,Contemporary Art,4.4,20,Unique contemporary art showcasing artisanal craftsmanship and community heritage.,False,True
p-8,31 Pally Sadharan Durgotsab Samity,North,North Kolkata,22.5804,88.35403,Shyambazar / Sovabazar,19,Shyambazar 5-Point Stand,Social Theme,4.4,25,Unique social theme showcasing artisanal craftsmanship and community heritage.,False,True
p-9,37 Pally Sarbojanin Durgotsab,Central,Central Kolkata,22.57466,88.3724,MG Road / Central / Sealdah,18,College Street Auto Stand,Contemporary Art,4.9,35,Unique contemporary art showcasing artisanal craftsmanship and community heritage.,False,False
p-10,47 Pally Jubak Brinda Durga Puja,Central,Central Kolkata,22.57318,88.34612,MG Road / Central / Sealdah,12,College Street Auto Stand,Social Theme,4.8,60,Unique social theme showcasing artisanal craftsmanship and community heritage.,True,True
p-11,64 Pally Durgotsab Committee,South,South Kolkata,22.52094,88.36212,Kalighat / Jatin Das Park / Gariahat,3,Kalighat Auto Stand,Bonedi Bari,4.5,45,Unique bonedi bari showcasing artisanal craftsmanship and community heritage.,True,True
p-12,66 Pally Sarbojanin Durgotsab Committee,South,South Kolkata,22.51441,88.35369,Kalighat / Jatin Das Park / Gariahat,19,Kalighat Auto Stand,Bonedi Bari,4.5,75,Unique bonedi bari showcasing artisanal craftsmanship and community heritage.,False,True
p-13,70 Pally Sarbojanin Durga Puja,South,South Kolkata,22.52422,88.36773,Kalighat / Jatin Das Park / Gariahat,11,Kalighat Auto Stand,Social Theme,5.0,40,Unique social theme showcasing artisanal craftsmanship and community heritage.,True,False
p-14,7er Pally Sarbojanin Durga Puja Committee,South,Behala,22.50207,88.31529,Taratala / Behala Chowrasta,13,Behala Tram Depot Auto Point,Bonedi Bari,4.9,35,Unique bonedi bari showcasing artisanal craftsmanship and community heritage.,False,True
p-15,95 Pally Jodhpur Park Durga Puja,South,South Kolkata,22.51133,88.35349,Kalighat / Jatin Das Park / Gariahat,16,Kalighat Auto Stand,Grand Lighting & Architecture,4.7,50,Unique grand lighting & architecture showcasing artisanal craftsmanship and community heritage.,True,False
p-16,Abasar Sarbojanin Durgotsab Committee,South,South Kolkata,22.50535,88.36563,Kalighat / Jatin Das Park / Gariahat,10,Kalighat Auto Stand,Social Theme,4.5,30,Unique social theme showcasing artisanal craftsmanship and community heritage.,False,False
p-17,Abasorika Durgotsav Committee,South,South Kolkata,22.51615,88.36502,Kalighat / Jatin Das Park / Gariahat,16,Kalighat Auto Stand,Social Theme,4.5,20,Unique social theme showcasing artisanal craftsmanship and community heritage.,False,False
p-18,Acharya Prafulla Sangha,South,Behala,22.51505,88.30276,Taratala / Behala Chowrasta,16,Behala Tram Depot Auto Point,Bonedi Bari,4.7,50,Unique bonedi bari showcasing artisanal craftsmanship and community heritage.,False,False
p-19,Adi Ballygunge Sarbojanin Durga Puja,South,South Kolkata,22.51825,88.35555,Kalighat / Jatin Das Park / Gariahat,17,Kalighat Auto Stand,Bonedi Bari,4.3,60,Unique bonedi bari showcasing artisanal craftsmanship and community heritage.,True,True
p-20,Adi Dakshin Kalikata Barowari Samittee,South,South Kolkata,22.5114,88.35891,Kalighat / Jatin Das Park / Gariahat,15,Kalighat Auto Stand,Bonedi Bari,4.3,50,Unique bonedi bari showcasing artisanal craftsmanship and community heritage.,False,False
p-21,Agradut Udaya Sangha Durga Puja,South,South Kolkata,22.53321,88.37161,Kalighat / Jatin Das Park / Gariahat,17,Kalighat Auto Stand,Grand Lighting & Architecture,4.6,35,Unique grand lighting & architecture showcasing artisanal craftsmanship and community heritage.,False,True
p-22,Ahiritola Jubak Brinda Durga Puja,North,North Kolkata,22.60919,88.36751,Shyambazar / Sovabazar,9,Shyambazar 5-Point Stand,Contemporary Art,4.6,30,Unique contemporary art showcasing artisanal craftsmanship and community heritage.,False,True
p-23,Airport Enclave Residents Committee,North,North 24 Parganas,22.6083,88.41415,Dum Dum / VIP Road,4,Nagerbazar Auto Stand,Grand Lighting & Architecture,4.6,40,Unique grand lighting & architecture showcasing artisanal craftsmanship and community heritage.,False,True
p-24,AJ Block Durga Puja,East,Salt Lake,22.58229,88.41827,Karunamoyee / Central Park,7,Karunamoyee Terminus Stand,Social Theme,4.6,75,Unique social theme showcasing artisanal craftsmanship and community heritage.,True,True
p-25,Ajeya Sanghati Durga Puja,South,Behala,22.50481,88.30189,Taratala / Behala Chowrasta,18,Behala Tram Depot Auto Point,Social Theme,5.0,30,Unique social theme showcasing artisanal craftsmanship and community heritage.,False,True
p-26,Ambagan Durga Puja Committee,North,North 24 Parganas,22.63261,88.41563,Dum Dum / VIP Road,14,Nagerbazar Auto Stand,Contemporary Art,4.5,90,Unique contemporary art showcasing artisanal craftsmanship and community heritage.,True,True
p-27,Amherst Sarbojanin Durgotsab,North,North Kolkata,22.59604,88.37239,Shyambazar / Sovabazar,7,Shyambazar 5-Point Stand,Heritage & Traditional,4.8,20,Unique heritage & traditional showcasing artisanal craftsmanship and community heritage.,False,False
p-28,Arabinda Nagar Arabinda Sangha Sarbojanin Durga Utsav,South,Howrah,22.56974,88.35208,Howrah Railway & Metro,17,Howrah Station Auto Bay,Bonedi Bari,4.8,15,Unique bonedi bari showcasing artisanal craftsmanship and community heritage.,False,True
p-29,Arunodaya Adhibashi Brinder Durga Puja,South,South Kolkata,22.50386,88.34987,Kalighat / Jatin Das Park / Gariahat,8,Kalighat Auto Stand,Bonedi Bari,4.7,30,Unique bonedi bari showcasing artisanal craftsmanship and community heritage.,False,False
p-30,Arupara Sarbojanin Durgotsab Committee,South,Howrah,22.59276,88.3509,Howrah Railway & Metro,14,Howrah Station Auto Bay,Bonedi Bari,4.3,50,Unique bonedi bari showcasing artisanal craftsmanship and community heritage.,True,True
p-31,Aswiningar Sarbojanin Durgotsav,North,North Kolkata,22.60053,88.37988,Shyambazar / Sovabazar,5,Shyambazar 5-Point Stand,Contemporary Art,4.9,30,Unique contemporary art showcasing artisanal craftsmanship and community heritage.,False,True
p-32,Atghara Noapara Baroary Durga Puja,North,North 24 Parganas,22.62303,88.41478,Dum Dum / VIP Road,10,Nagerbazar Auto Stand,Social Theme,4.6,50,Unique social theme showcasing artisanal craftsmanship and community heritage.,True,True
p-33,Avijan Gandhi Colony,South,South Kolkata,22.51283,88.35766,Kalighat / Jatin Das Park / Gariahat,13,Kalighat Auto Stand,Heritage & Traditional,4.7,75,Unique heritage & traditional showcasing artisanal craftsmanship and community heritage.,True,True
p-34,Azad Hind Sangha Durga Puja,South,Howrah,22.59538,88.33929,Howrah Railway & Metro,19,Howrah Station Auto Bay,Heritage & Traditional,4.6,40,Unique heritage & traditional showcasing artisanal craftsmanship and community heritage.,False,False
p-35,Babu Bagan Durga Puja,South,South Kolkata,22.50498,88.35093,Kalighat / Jatin Das Park / Gariahat,5,Kalighat Auto Stand,Social Theme,4.8,35,Unique social theme showcasing artisanal craftsmanship and community heritage.,False,True
p-36,Bachhri Durga Puja,South,Howrah,22.57565,88.343,Howrah Railway & Metro,3,Howrah Station Auto Bay,Contemporary Art,4.6,45,Unique contemporary art showcasing artisanal craftsmanship and community heritage.,True,True
p-37,Badamtala Ashar Sangha Durga Puja,South,South Kolkata,22.50513,88.34683,Kalighat / Jatin Das Park / Gariahat,12,Kalighat Auto Stand,Social Theme,4.3,20,Unique social theme showcasing artisanal craftsmanship and community heritage.,False,True
p-38,Baghajatin B and C Block Durgotsav Committee,South,South Kolkata,22.50771,88.37164,Kalighat / Jatin Das Park / Gariahat,12,Kalighat Auto Stand,Social Theme,4.6,25,Unique social theme showcasing artisanal craftsmanship and community heritage.,False,True
p-39,Baghajatin Tarun Sangha Durgotsav,South,South Kolkata,22.51974,88.36,Kalighat / Jatin Das Park / Gariahat,13,Kalighat Auto Stand,Social Theme,4.4,40,Unique social theme showcasing artisanal craftsmanship and community heritage.,False,True
p-40,Baghbazar Palli Puja O Pradarshani,North,North Kolkata,22.59178,88.35266,Shyambazar / Sovabazar,12,Shyambazar 5-Point Stand,Contemporary Art,4.7,35,Unique contemporary art showcasing artisanal craftsmanship and community heritage.,False,True
p-41,Bagnan Nabaneer Club Durga Puja,South,Howrah,22.5681,88.3451,Howrah Railway & Metro,9,Howrah Station Auto Bay,Bonedi Bari,4.7,15,Unique bonedi bari showcasing artisanal craftsmanship and community heritage.,False,True
p-42,Baidyabati Sakti Sangha,South,Hooghly,22.89182,88.38642,Suburban Railway Line,18,Grand Trunk Road Auto Stand,Contemporary Art,4.4,40,Unique contemporary art showcasing artisanal craftsmanship and community heritage.,False,True
p-43,Baisakhi Sangha,South,Other Zone,22.56517,88.35978,Esplanade Interchange,7,Esplanade Central Stand,Contemporary Art,4.9,90,Unique contemporary art showcasing artisanal craftsmanship and community heritage.,False,False
p-44,Baishnabghata Paschimpara Sarbojanin Durgotsab,South,South Kolkata,22.52262,88.36625,Kalighat / Jatin Das Park / Gariahat,8,Kalighat Auto Stand,Heritage & Traditional,4.7,20,Unique heritage & traditional showcasing artisanal craftsmanship and community heritage.,False,True
p-45,Balaka Sangha Durga Puja,South,Other Zone,22.55445,88.35999,Esplanade Interchange,7,Esplanade Central Stand,Bonedi Bari,4.8,60,Unique bonedi bari showcasing artisanal craftsmanship and community heritage.,False,True
p-46,Balitikuri Netaji Balak Sangha,South,Howrah,22.60005,88.3435,Howrah Railway & Metro,20,Howrah Station Auto Bay,Social Theme,4.6,40,Unique social theme showcasing artisanal craftsmanship and community heritage.,True,True
p-47,Ballygunge Cultural Association Durga Puja,South,South Kolkata,22.52046,88.35038,Kalighat / Jatin Das Park / Gariahat,5,Kalighat Auto Stand,Bonedi Bari,5.0,15,Unique bonedi bari showcasing artisanal craftsmanship and community heritage.,False,True
p-48,Ballygunge Pally Sarbojanin Durgotsab Committee,South,South Kolkata,22.52813,88.35069,Kalighat / Jatin Das Park / Gariahat,11,Kalighat Auto Stand,Grand Lighting & Architecture,4.9,30,Unique grand lighting & architecture showcasing artisanal craftsmanship and community heritage.,False,True
p-49,Bandhudal Durgotsob,North,North Kolkata,22.60191,88.35128,Shyambazar / Sovabazar,14,Shyambazar 5-Point Stand,Contemporary Art,4.6,30,Unique contemporary art showcasing artisanal craftsmanship and community heritage.,False,True
p-50,Banerjeepara Sarbojanin,North,North 24 Parganas,22.62087,88.42734,Dum Dum / VIP Road,13,Nagerbazar Auto Stand,Grand Lighting & Architecture,4.9,75,Unique grand lighting & architecture showcasing artisanal craftsmanship and community heritage.,True,True
p-51,Bangur Park Durgotsav Committee,South,Hooghly,22.89164,88.37349,Suburban Railway Line,19,Grand Trunk Road Auto Stand,Contemporary Art,4.7,25,Unique contemporary art showcasing artisanal craftsmanship and community heritage.,False,False
p-52,Bansdroni Sammilita Sarbojanin Durgotsab Committee,South,South Kolkata,22.52134,88.34362,Kalighat / Jatin Das Park / Gariahat,12,Kalighat Auto Stand,Grand Lighting & Architecture,4.4,90,Unique grand lighting & architecture showcasing artisanal craftsmanship and community heritage.,True,False
p-53,Bansdroni Shanti Sangha,South,South 24 Parganas,22.46208,88.39031,Kavi Subhash (New Garia),14,Garia Station Auto Stand,Grand Lighting & Architecture,4.5,25,Unique grand lighting & architecture showcasing artisanal craftsmanship and community heritage.,False,False
p-54,Bantra Mohila Sangha Durga Puja,South,Howrah,22.58687,88.34022,Howrah Railway & Metro,9,Howrah Station Auto Bay,Social Theme,4.8,30,Unique social theme showcasing artisanal craftsmanship and community heritage.,False,True
p-55,Bantra Nabin Sangha Durga Puja,South,Howrah,22.56783,88.33851,Howrah Railway & Metro,17,Howrah Station Auto Bay,Social Theme,4.6,60,Unique social theme showcasing artisanal craftsmanship and community heritage.,True,False
p-56,Barisha Kumarpara Youngs' Club Durga Puja,South,Behala,22.51277,88.32345,Taratala / Behala Chowrasta,3,Behala Tram Depot Auto Point,Heritage & Traditional,4.8,60,Unique heritage & traditional showcasing artisanal craftsmanship and community heritage.,True,True
p-57,Barisha Maitree Sangha Durgotsab,South,Behala,22.49345,88.32509,Taratala / Behala Chowrasta,8,Behala Tram Depot Auto Point,Bonedi Bari,4.7,15,Unique bonedi bari showcasing artisanal craftsmanship and community heritage.,False,False
p-58,Barisha Milani Sangha Durga Puja,South,Behala,22.50739,88.33283,Taratala / Behala Chowrasta,9,Behala Tram Depot Auto Point,Bonedi Bari,4.4,25,Unique bonedi bari showcasing artisanal craftsmanship and community heritage.,False,False
p-59,Barisha Netaji Sangha Durga Puja,South,Behala,22.48177,88.31853,Taratala / Behala Chowrasta,3,Behala Tram Depot Auto Point,Grand Lighting & Architecture,4.3,15,Unique grand lighting & architecture showcasing artisanal craftsmanship and community heritage.,False,False
p-60,Barisha Sarbojanin Durgotsab,South,Behala,22.48784,88.33085,Taratala / Behala Chowrasta,11,Behala Tram Depot Auto Point,Grand Lighting & Architecture,4.5,20,Unique grand lighting & architecture showcasing artisanal craftsmanship and community heritage.,False,False
p-61,Barisha Saterpalli Sammilani Durga Puja,South,Behala,22.4951,88.33437,Taratala / Behala Chowrasta,7,Behala Tram Depot Auto Point,Contemporary Art,4.5,15,Unique contemporary art showcasing artisanal craftsmanship and community heritage.,False,True
p-62,Basupara Durga Puja Committee,South,Other Zone,22.56115,88.35956,Esplanade Interchange,17,Esplanade Central Stand,Grand Lighting & Architecture,4.6,60,Unique grand lighting & architecture showcasing artisanal craftsmanship and community heritage.,False,True
p-63,Batore 41er Pally Sarbojanin,South,Howrah,22.5907,88.33376,Howrah Railway & Metro,14,Howrah Station Auto Bay,Social Theme,4.4,35,Unique social theme showcasing artisanal craftsmanship and community heritage.,False,False
p-64,BD Block Sarbojanin Durgotsab Committee,East,Salt Lake,22.59088,88.39987,Karunamoyee / Central Park,4,Karunamoyee Terminus Stand,Grand Lighting & Architecture,4.3,75,Unique grand lighting & architecture showcasing artisanal craftsmanship and community heritage.,True,True
p-65,Beadon Street Sarbojanin Durgotsav,North,North Kolkata,22.57833,88.35422,Shyambazar / Sovabazar,5,Shyambazar 5-Point Stand,Grand Lighting & Architecture,4.7,60,Unique grand lighting & architecture showcasing artisanal craftsmanship and community heritage.,False,False
p-66,Bediadanga Sarbojanin Durgotsav Committee,South,South Kolkata,22.5305,88.35153,Kalighat / Jatin Das Park / Gariahat,15,Kalighat Auto Stand,Social Theme,4.4,40,Unique social theme showcasing artisanal craftsmanship and community heritage.,False,True
p-67,Behala 11 Pally Durga Puja,South,Behala,22.48515,88.30781,Taratala / Behala Chowrasta,6,Behala Tram Depot Auto Point,Grand Lighting & Architecture,5.0,50,Unique grand lighting & architecture showcasing artisanal craftsmanship and community heritage.,False,False
p-68,Behala Arunoday Samity,South,Behala,22.48502,88.32379,Taratala / Behala Chowrasta,6,Behala Tram Depot Auto Point,Contemporary Art,4.4,25,Unique contemporary art showcasing artisanal craftsmanship and community heritage.,False,False
p-69,Behala Buroshibtala Janakalyan Sangha Durga Puja,South,Behala,22.49354,88.31636,Taratala / Behala Chowrasta,8,Behala Tram Depot Auto Point,Heritage & Traditional,4.9,60,Unique heritage & traditional showcasing artisanal craftsmanship and community heritage.,False,False
p-70,Behala Debdaru Fatak Durga Puja,South,Behala,22.48742,88.31114,Taratala / Behala Chowrasta,19,Behala Tram Depot Auto Point,Heritage & Traditional,4.4,75,Unique heritage & traditional showcasing artisanal craftsmanship and community heritage.,True,False
p-71,Behala Mitra Sangha Durga Puja,South,Behala,22.50607,88.3193,Taratala / Behala Chowrasta,5,Behala Tram Depot Auto Point,Contemporary Art,4.6,15,Unique contemporary art showcasing artisanal craftsmanship and community heritage.,False,True
p-72,Behala Mukul Sangha Durgotsab,South,Behala,22.48958,88.3121,Taratala / Behala Chowrasta,19,Behala Tram Depot Auto Point,Social Theme,4.6,45,Unique social theme showcasing artisanal craftsmanship and community heritage.,False,False
p-73,Beleghata Sarkar Bazar Durga Puja,East,East Kolkata,22.58089,88.38891,Salt Lake / Phoolbagan,7,Ultadanga Auto Hub,Grand Lighting & Architecture,4.7,35,Unique grand lighting & architecture showcasing artisanal craftsmanship and community heritage.,False,False
p-74,Belepole Adams Club,South,Howrah,22.59793,88.33125,Howrah Railway & Metro,18,Howrah Station Auto Bay,Heritage & Traditional,4.9,75,Unique heritage & traditional showcasing artisanal craftsmanship and community heritage.,False,False
p-75,Belgachia Sadharan Durgotsab,North,North Kolkata,22.58119,88.35593,Shyambazar / Sovabazar,16,Shyambazar 5-Point Stand,Social Theme,4.9,25,Unique social theme showcasing artisanal craftsmanship and community heritage.,False,True
p-76,Belgachia Yuba Sammilani Durga Puja,North,North Kolkata,22.59709,88.36814,Shyambazar / Sovabazar,9,Shyambazar 5-Point Stand,Social Theme,4.6,40,Unique social theme showcasing artisanal craftsmanship and community heritage.,True,False
p-77,Beliaghata 33 Palli Durga Puja,East,East Kolkata,22.572,88.39458,Salt Lake / Phoolbagan,9,Ultadanga Auto Hub,Contemporary Art,4.6,50,Unique contemporary art showcasing artisanal craftsmanship and community heritage.,False,False
p-78,Beltala Sarbojanin Durgotsab,South,South Kolkata,22.50997,88.34178,Kalighat / Jatin Das Park / Gariahat,20,Kalighat Auto Stand,Contemporary Art,4.4,75,Unique contemporary art showcasing artisanal craftsmanship and community heritage.,False,False
p-79,Bengal United Club Durga Puja,South,South Kolkata,22.52287,88.35465,Kalighat / Jatin Das Park / Gariahat,7,Kalighat Auto Stand,Contemporary Art,4.4,40,Unique contemporary art showcasing artisanal craftsmanship and community heritage.,False,True
p-80,Bengali Association Durga Puja,South,Other Zone,22.54829,88.37381,Esplanade Interchange,15,Esplanade Central Stand,Contemporary Art,4.7,20,Unique contemporary art showcasing artisanal craftsmanship and community heritage.,False,False
p-81,Bhagabati Park Durga Puja Committee,North,North Kolkata,22.61112,88.37292,Shyambazar / Sovabazar,15,Shyambazar 5-Point Stand,Heritage & Traditional,4.3,90,Unique heritage & traditional showcasing artisanal craftsmanship and community heritage.,False,False
p-82,Bharatiya Tarun Sangha Durga Puja,North,North Kolkata,22.5933,88.38076,Shyambazar / Sovabazar,20,Shyambazar 5-Point Stand,Heritage & Traditional,5.0,20,Unique heritage & traditional showcasing artisanal craftsmanship and community heritage.,False,True
p-83,Bhawanipore Mahapuja Samity,South,South Kolkata,22.535,88.36553,Kalighat / Jatin Das Park / Gariahat,11,Kalighat Auto Stand,Contemporary Art,4.6,40,Unique contemporary art showcasing artisanal craftsmanship and community heritage.,True,False
p-84,Bhowanipore De Bari Durga Puja,South,South Kolkata,22.51713,88.36921,Kalighat / Jatin Das Park / Gariahat,7,Kalighat Auto Stand,Contemporary Art,5.0,15,Unique contemporary art showcasing artisanal craftsmanship and community heritage.,False,True
p-85,Bhowanipore Mitra Bari Durga Puja,South,South Kolkata,22.52829,88.3719,Kalighat / Jatin Das Park / Gariahat,14,Kalighat Auto Stand,Grand Lighting & Architecture,4.4,40,Unique grand lighting & architecture showcasing artisanal craftsmanship and community heritage.,False,False
p-86,Bhowanipur 75 Palli Durga Puja,South,South Kolkata,22.5171,88.34811,Kalighat / Jatin Das Park / Gariahat,9,Kalighat Auto Stand,Grand Lighting & Architecture,4.4,40,Unique grand lighting & architecture showcasing artisanal craftsmanship and community heritage.,False,False
p-87,Bhowanipur Muktadal Durga Puja,South,South Kolkata,22.51633,88.35318,Kalighat / Jatin Das Park / Gariahat,8,Kalighat Auto Stand,Bonedi Bari,4.9,20,Unique bonedi bari showcasing artisanal craftsmanship and community heritage.,False,True
p-88,Bhowanipur Ritwik Club Durga Puja Committee,South,South Kolkata,22.50953,88.35269,Kalighat / Jatin Das Park / Gariahat,12,Kalighat Auto Stand,Contemporary Art,4.5,75,Unique contemporary art showcasing artisanal craftsmanship and community heritage.,True,True
p-89,Bhowanipur Sarbojanin Durgotsav,South,South Kolkata,22.51604,88.36672,Kalighat / Jatin Das Park / Gariahat,10,Kalighat Auto Stand,Heritage & Traditional,4.8,15,Unique heritage & traditional showcasing artisanal craftsmanship and community heritage.,False,False
p-90,Bhowanipur Students Club Sarbojanin Durga Puja,South,South Kolkata,22.50411,88.36748,Kalighat / Jatin Das Park / Gariahat,18,Kalighat Auto Stand,Contemporary Art,4.3,75,Unique contemporary art showcasing artisanal craftsmanship and community heritage.,False,True
p-91,Bhowanipur Swadhin Sangha Durga Puja,South,South Kolkata,22.53265,88.3653,Kalighat / Jatin Das Park / Gariahat,8,Kalighat Auto Stand,Grand Lighting & Architecture,4.6,90,Unique grand lighting & architecture showcasing artisanal craftsmanship and community heritage.,False,False
p-92,Bhowanipur Udayan Club Durga Puja,South,South Kolkata,22.52217,88.36852,Kalighat / Jatin Das Park / Gariahat,20,Kalighat Auto Stand,Bonedi Bari,4.7,90,Unique bonedi bari showcasing artisanal craftsmanship and community heritage.,True,True
p-93,Bidhan Nagar South Atheletics Club,South,South Kolkata,22.53474,88.3401,Kalighat / Jatin Das Park / Gariahat,13,Kalighat Auto Stand,Contemporary Art,4.3,40,Unique contemporary art showcasing artisanal craftsmanship and community heritage.,False,True
p-94,Bidhannagar Purba Sarbojanin Durgotsab,South,Other Zone,22.53333,88.37304,Esplanade Interchange,5,Esplanade Central Stand,Grand Lighting & Architecture,4.7,75,Unique grand lighting & architecture showcasing artisanal craftsmanship and community heritage.,False,True
p-95,Bidhanpally Purbapara Sarbojanin,South,South Kolkata,22.51664,88.3693,Kalighat / Jatin Das Park / Gariahat,18,Kalighat Auto Stand,Heritage & Traditional,5.0,30,Unique heritage & traditional showcasing artisanal craftsmanship and community heritage.,False,True
p-96,Bishalaxmitala Sarbojanin Durga Puja,South,Behala,22.50316,88.32486,Taratala / Behala Chowrasta,6,Behala Tram Depot Auto Point,Bonedi Bari,4.7,90,Unique bonedi bari showcasing artisanal craftsmanship and community heritage.,False,False
p-97,Biswanath Abasan Sharodotsav,North,North 24 Parganas,22.62662,88.4172,Dum Dum / VIP Road,4,Nagerbazar Auto Stand,Social Theme,4.9,45,Unique social theme showcasing artisanal craftsmanship and community heritage.,False,True
p-98,Biswanath Apartment Sharodutsab,North,North Kolkata,22.60058,88.35808,Shyambazar / Sovabazar,13,Shyambazar 5-Point Stand,Grand Lighting & Architecture,4.9,75,Unique grand lighting & architecture showcasing artisanal craftsmanship and community heritage.,True,True
p-99,BJ Block Saradotsav Committee,East,Salt Lake,22.5974,88.42989,Karunamoyee / Central Park,3,Karunamoyee Terminus Stand,Heritage & Traditional,4.9,35,Unique heritage & traditional showcasing artisanal craftsmanship and community heritage.,False,True
p-100,BL Block Durga Puja,East,Salt Lake,22.58985,88.42225,Karunamoyee / Central Park,3,Karunamoyee Terminus Stand,Heritage & Traditional,4.9,30,Unique heritage & traditional showcasing artisanal craftsmanship and community heritage.,False,True
p-101,Bosepukur Talbagan Sarbojanin,South,South Kolkata,22.50401,88.35375,Kalighat / Jatin Das Park / Gariahat,16,Kalighat Auto Stand,Heritage & Traditional,4.7,20,Unique heritage & traditional showcasing artisanal craftsmanship and community heritage.,False,True
p-102,Brahmapur Boral Sarbojanin Durgotsab,South,South 24 Parganas,22.44495,88.37697,Kavi Subhash (New Garia),12,Garia Station Auto Stand,Heritage & Traditional,4.9,20,Unique heritage & traditional showcasing artisanal craftsmanship and community heritage.,False,True
p-103,Brahmapur Harisava Sarbojanin Durgotsab,South,South Kolkata,22.51834,88.36506,Kalighat / Jatin Das Park / Gariahat,13,Kalighat Auto Stand,Heritage & Traditional,4.9,30,Unique heritage & traditional showcasing artisanal craftsmanship and community heritage.,False,False
p-104,Brahmapur Sarbojanin Durgotsab,South,South 24 Parganas,22.45527,88.38281,Kavi Subhash (New Garia),14,Garia Station Auto Stand,Social Theme,4.5,20,Unique social theme showcasing artisanal craftsmanship and community heritage.,False,True
p-105,Brindaban Matri Mandir Durga Puja,North,North Kolkata,22.57844,88.35629,Shyambazar / Sovabazar,14,Shyambazar 5-Point Stand,Contemporary Art,4.4,15,Unique contemporary art showcasing artisanal craftsmanship and community heritage.,False,False
p-106,Brindabon Netaji Balak Sangha Durga Puja,South,Howrah,22.57494,88.33456,Howrah Railway & Metro,4,Howrah Station Auto Bay,Contemporary Art,4.8,75,Unique contemporary art showcasing artisanal craftsmanship and community heritage.,False,True
p-107,Cactus Sharad Utsav,South,Other Zone,22.5647,88.36546,Esplanade Interchange,15,Esplanade Central Stand,Heritage & Traditional,4.5,40,Unique heritage & traditional showcasing artisanal craftsmanship and community heritage.,False,False
p-108,Calcutta Youth Forum,North,North Kolkata,22.58016,88.38306,Shyambazar / Sovabazar,10,Shyambazar 5-Point Stand,Grand Lighting & Architecture,5.0,75,Unique grand lighting & architecture showcasing artisanal craftsmanship and community heritage.,False,False
p-109,Campbagan Sadharan Durgotsav,North,North Kolkata,22.61065,88.36924,Shyambazar / Sovabazar,8,Shyambazar 5-Point Stand,Contemporary Art,4.9,15,Unique contemporary art showcasing artisanal craftsmanship and community heritage.,False,True
p-110,Central Calcutta Youth Association,Central,Central Kolkata,22.58108,88.36274,MG Road / Central / Sealdah,15,College Street Auto Stand,Contemporary Art,4.9,90,Unique contemporary art showcasing artisanal craftsmanship and community heritage.,True,False
p-111,Chaltabagan Lohapatty Durga Puja,North,North Kolkata,22.60786,88.36511,Shyambazar / Sovabazar,6,Shyambazar 5-Point Stand,Contemporary Art,4.8,15,Unique contemporary art showcasing artisanal craftsmanship and community heritage.,False,False
p-112,Chandannagar Nabagram Sarbojanin,South,Hooghly,22.87992,88.40728,Suburban Railway Line,10,Grand Trunk Road Auto Stand,Bonedi Bari,4.8,45,Unique bonedi bari showcasing artisanal craftsmanship and community heritage.,False,True
p-113,Charer Palli Sarbojanin Durgotsab,North,North Kolkata,22.58655,88.37421,Shyambazar / Sovabazar,16,Shyambazar 5-Point Stand,Bonedi Bari,4.7,45,Unique bonedi bari showcasing artisanal craftsmanship and community heritage.,False,True
p-114,Chetla Agrani Club Durga Puja,South,South Kolkata,22.51653,88.34822,Kalighat / Jatin Das Park / Gariahat,5,Kalighat Auto Stand,Social Theme,4.6,15,Unique social theme showcasing artisanal craftsmanship and community heritage.,False,True
p-115,Chetla Sarbasadharaner Durgotsab,South,South Kolkata,22.53194,88.35856,Kalighat / Jatin Das Park / Gariahat,4,Kalighat Auto Stand,Grand Lighting & Architecture,4.5,15,Unique grand lighting & architecture showcasing artisanal craftsmanship and community heritage.,False,True
p-116,Chitrakut Dham Durga Puja,North,North 24 Parganas,22.62847,88.42082,Dum Dum / VIP Road,9,Nagerbazar Auto Stand,Heritage & Traditional,4.6,90,Unique heritage & traditional showcasing artisanal craftsmanship and community heritage.,True,True
p-117,Chorebagan Sarbojanin Durgotsab Samity,North,North Kolkata,22.60594,88.37582,Shyambazar / Sovabazar,3,Shyambazar 5-Point Stand,Contemporary Art,4.7,15,Unique contemporary art showcasing artisanal craftsmanship and community heritage.,False,False
p-118,Coal India Puja Committee Durga Puja,South,South Kolkata,22.52833,88.36868,Kalighat / Jatin Das Park / Gariahat,10,Kalighat Auto Stand,Social Theme,4.7,50,Unique social theme showcasing artisanal craftsmanship and community heritage.,True,True
p-119,College Square Sarbojanin Durgotsav,Central,Central Kolkata,22.58012,88.35328,MG Road / Central / Sealdah,5,College Street Auto Stand,Social Theme,4.4,45,Unique social theme showcasing artisanal craftsmanship and community heritage.,True,True
p-120,Cossipore Shakti Sangha Durga Puja,North,North Kolkata,22.58409,88.37463,Shyambazar / Sovabazar,3,Shyambazar 5-Point Stand,Bonedi Bari,4.9,35,Unique bonedi bari showcasing artisanal craftsmanship and community heritage.,False,True
p-121,Dakshin Kolkata Sarbojanin Durgotsab,South,South Kolkata,22.52115,88.34745,Kalighat / Jatin Das Park / Gariahat,4,Kalighat Auto Stand,Bonedi Bari,4.6,40,Unique bonedi bari showcasing artisanal craftsmanship and community heritage.,False,True
p-122,Dakshin Kolkata Tarun Samity Durga Puja,South,South Kolkata,22.5094,88.3461,Kalighat / Jatin Das Park / Gariahat,14,Kalighat Auto Stand,Social Theme,4.4,50,Unique social theme showcasing artisanal craftsmanship and community heritage.,True,False
p-123,Dakshin Rabindrapally Sarbojanin Durga Puja,North,North Kolkata,22.602,88.37684,Shyambazar / Sovabazar,16,Shyambazar 5-Point Stand,Social Theme,4.9,60,Unique social theme showcasing artisanal craftsmanship and community heritage.,True,True
p-124,Dankuni Milonee Unnayan Samity,South,Hooghly,22.88838,88.39486,Suburban Railway Line,15,Grand Trunk Road Auto Stand,Social Theme,5.0,40,Unique social theme showcasing artisanal craftsmanship and community heritage.,False,False
p-125,Dankuni Sarbojanin Shree Shree Durgotsab,South,Hooghly,22.8816,88.37343,Suburban Railway Line,8,Grand Trunk Road Auto Stand,Contemporary Art,4.6,15,Unique contemporary art showcasing artisanal craftsmanship and community heritage.,False,False
p-126,Darjeepara Sarbojanin Durgotsab Samity,North,North Kolkata,22.60328,88.36844,Shyambazar / Sovabazar,17,Shyambazar 5-Point Stand,Bonedi Bari,4.3,40,Unique bonedi bari showcasing artisanal craftsmanship and community heritage.,True,True
p-127,Daspara Panch Bhai Sangha,South,Howrah,22.57357,88.34029,Howrah Railway & Metro,7,Howrah Station Auto Bay,Grand Lighting & Architecture,4.3,90,Unique grand lighting & architecture showcasing artisanal craftsmanship and community heritage.,False,False
p-128,Debendra Nagar Sarbojanin,North,North 24 Parganas,22.62532,88.40373,Dum Dum / VIP Road,8,Nagerbazar Auto Stand,Bonedi Bari,4.9,50,Unique bonedi bari showcasing artisanal craftsmanship and community heritage.,False,True
p-129,Deshapriya Park Durga Puja,South,South Kolkata,22.5077,88.34918,Kalighat / Jatin Das Park / Gariahat,8,Kalighat Auto Stand,Social Theme,4.9,40,Unique social theme showcasing artisanal craftsmanship and community heritage.,True,False
p-130,Deshbandhunagar Sarbojanin Durgotsab,North,North Kolkata,22.58145,88.37028,Shyambazar / Sovabazar,15,Shyambazar 5-Point Stand,Social Theme,4.8,45,Unique social theme showcasing artisanal craftsmanship and community heritage.,True,False
p-131,Dhakuria Pragati Sangha Durga Puja,South,South Kolkata,22.50787,88.35075,Kalighat / Jatin Das Park / Gariahat,18,Kalighat Auto Stand,Grand Lighting & Architecture,4.7,35,Unique grand lighting & architecture showcasing artisanal craftsmanship and community heritage.,False,False
p-132,Dhakuria Sarbojanin Durgotsab,South,South Kolkata,22.51019,88.36141,Kalighat / Jatin Das Park / Gariahat,10,Kalighat Auto Stand,Bonedi Bari,4.5,75,Unique bonedi bari showcasing artisanal craftsmanship and community heritage.,False,True
p-133,Dharmatala Durga Puja,South,Howrah,22.5936,88.35188,Howrah Railway & Metro,15,Howrah Station Auto Bay,Grand Lighting & Architecture,4.4,40,Unique grand lighting & architecture showcasing artisanal craftsmanship and community heritage.,True,False
p-134,Dishari Sangha Sarbojanin Durgotsab,South,Other Zone,22.55288,88.35331,Esplanade Interchange,4,Esplanade Central Stand,Heritage & Traditional,4.9,40,Unique heritage & traditional showcasing artisanal craftsmanship and community heritage.,True,False
p-135,Dum Dum Park Bharat Chakra Durga Puja,North,North Kolkata,22.58214,88.35609,Shyambazar / Sovabazar,3,Shyambazar 5-Point Stand,Heritage & Traditional,4.9,60,Unique heritage & traditional showcasing artisanal craftsmanship and community heritage.,True,True
p-136,Dum Dum Park Sarbojanin Durga Puja,North,North Kolkata,22.60034,88.35938,Shyambazar / Sovabazar,9,Shyambazar 5-Point Stand,Grand Lighting & Architecture,4.6,25,Unique grand lighting & architecture showcasing artisanal craftsmanship and community heritage.,False,False
p-137,Durbar Mahila Samanya Committee,North,North Kolkata,22.61119,88.38063,Shyambazar / Sovabazar,14,Shyambazar 5-Point Stand,Social Theme,4.7,75,Unique social theme showcasing artisanal craftsmanship and community heritage.,False,True
p-138,Ekdalia Evergreen Club Durga Puja,South,South Kolkata,22.51314,88.36762,Kalighat / Jatin Das Park / Gariahat,14,Kalighat Auto Stand,Bonedi Bari,4.6,25,Unique bonedi bari showcasing artisanal craftsmanship and community heritage.,False,True
p-139,EKTP Phase 2 Abasik Puja Samity,East,East Kolkata,22.58831,88.40676,Salt Lake / Phoolbagan,17,Ultadanga Auto Hub,Grand Lighting & Architecture,4.3,40,Unique grand lighting & architecture showcasing artisanal craftsmanship and community heritage.,True,True
p-140,Entally Matribhumi Durga Puja,Central,Central Kolkata,22.56309,88.36215,MG Road / Central / Sealdah,14,College Street Auto Stand,Heritage & Traditional,4.9,75,Unique heritage & traditional showcasing artisanal craftsmanship and community heritage.,False,False
p-141,Entally Sarbojanin Sri Sri Durga Puja,Central,Central Kolkata,22.57279,88.35851,MG Road / Central / Sealdah,18,College Street Auto Stand,Social Theme,4.6,40,Unique social theme showcasing artisanal craftsmanship and community heritage.,False,True
p-142,Falguni Sangha Durga Puja,South,South Kolkata,22.53297,88.34907,Kalighat / Jatin Das Park / Gariahat,10,Kalighat Auto Stand,Heritage & Traditional,4.3,50,Unique heritage & traditional showcasing artisanal craftsmanship and community heritage.,False,False
p-143,Garden Lane Sarbojanin Durgotsab,North,North Kolkata,22.59562,88.36724,Shyambazar / Sovabazar,3,Shyambazar 5-Point Stand,Social Theme,4.5,45,Unique social theme showcasing artisanal craftsmanship and community heritage.,False,False
p-144,Garfa Sarbojanin Durgotsav,South,South Kolkata,22.50917,88.35719,Kalighat / Jatin Das Park / Gariahat,13,Kalighat Auto Stand,Grand Lighting & Architecture,4.9,35,Unique grand lighting & architecture showcasing artisanal craftsmanship and community heritage.,False,False
p-145,Genexx Valley Durga Puja,South,Behala,22.51155,88.32265,Taratala / Behala Chowrasta,8,Behala Tram Depot Auto Point,Contemporary Art,4.8,20,Unique contemporary art showcasing artisanal craftsmanship and community heritage.,False,True
p-146,Ghoshpara Sankalpa Sangha Durga Puja,South,Howrah,22.57619,88.32572,Howrah Railway & Metro,13,Howrah Station Auto Bay,Bonedi Bari,4.8,25,Unique bonedi bari showcasing artisanal craftsmanship and community heritage.,False,True
p-147,Ghoshpara Young Stars Durga Puja,South,Howrah,22.58264,88.34881,Howrah Railway & Metro,8,Howrah Station Auto Bay,Grand Lighting & Architecture,4.8,15,Unique grand lighting & architecture showcasing artisanal craftsmanship and community heritage.,False,True
p-148,Goabagan Sarodatsav Sammilani Durga Puja,North,North Kolkata,22.60094,88.36619,Shyambazar / Sovabazar,13,Shyambazar 5-Point Stand,Contemporary Art,4.4,35,Unique contemporary art showcasing artisanal craftsmanship and community heritage.,False,True
p-149,Goala Para Five Star Sporting Club,South,South Kolkata,22.52454,88.34533,Kalighat / Jatin Das Park / Gariahat,8,Kalighat Auto Stand,Heritage & Traditional,4.5,15,Unique heritage & traditional showcasing artisanal craftsmanship and community heritage.,False,True
p-150,Golaghata Sammilani Durga Puja,North,North Kolkata,22.612,88.37538,Shyambazar / Sovabazar,14,Shyambazar 5-Point Stand,Grand Lighting & Architecture,4.5,15,Unique grand lighting & architecture showcasing artisanal craftsmanship and community heritage.,False,False
p-151,Golpark Sarbojanin Durgotsab Committee,South,South Kolkata,22.53072,88.34025,Kalighat / Jatin Das Park / Gariahat,10,Kalighat Auto Stand,Bonedi Bari,4.4,20,Unique bonedi bari showcasing artisanal craftsmanship and community heritage.,False,True
p-152,Gopal Nagar Kalyan Sangha Durga Puja,South,South Kolkata,22.52686,88.35376,Kalighat / Jatin Das Park / Gariahat,8,Kalighat Auto Stand,Grand Lighting & Architecture,4.5,35,Unique grand lighting & architecture showcasing artisanal craftsmanship and community heritage.,False,False
p-153,Gour Hari Sriti Sangha,South,Other Zone,22.54898,88.35118,Esplanade Interchange,3,Esplanade Central Stand,Contemporary Art,4.8,45,Unique contemporary art showcasing artisanal craftsmanship and community heritage.,False,False
p-154,Grey Street Sarbojanin Durga Puja,North,North Kolkata,22.59179,88.37116,Shyambazar / Sovabazar,11,Shyambazar 5-Point Stand,Heritage & Traditional,5.0,45,Unique heritage & traditional showcasing artisanal craftsmanship and community heritage.,False,False
p-155,Guha Road Sarbojanin Mahapuja,South,Howrah,22.58835,88.34644,Howrah Railway & Metro,5,Howrah Station Auto Bay,Contemporary Art,5.0,40,Unique contemporary art showcasing artisanal craftsmanship and community heritage.,False,False
p-156,Habichak Sabojanin Durgoutsab,South,Other Zone,22.56105,88.3694,Esplanade Interchange,13,Esplanade Central Stand,Contemporary Art,4.7,75,Unique contemporary art showcasing artisanal craftsmanship and community heritage.,True,True
p-157,Halsibagan Sarbojanin Durgotsab,North,North Kolkata,22.58031,88.36261,Shyambazar / Sovabazar,8,Shyambazar 5-Point Stand,Contemporary Art,4.4,35,Unique contemporary art showcasing artisanal craftsmanship and community heritage.,False,False
p-158,Hari Ghosh Street Sarbojanin,North,North Kolkata,22.60094,88.38259,Shyambazar / Sovabazar,15,Shyambazar 5-Point Stand,Bonedi Bari,4.8,25,Unique bonedi bari showcasing artisanal craftsmanship and community heritage.,False,False
p-159,Hari Ghosh Street Swamiji Sangha Sarbojanin Durga Puja,North,North Kolkata,22.59723,88.35687,Shyambazar / Sovabazar,14,Shyambazar 5-Point Stand,Contemporary Art,4.9,50,Unique contemporary art showcasing artisanal craftsmanship and community heritage.,True,False
p-160,Haridevpur New Sporting Club Durga Puja,South,Behala,22.49615,88.31967,Taratala / Behala Chowrasta,17,Behala Tram Depot Auto Point,Social Theme,4.5,20,Unique social theme showcasing artisanal craftsmanship and community heritage.,False,False
p-161,Harindanga Milan Sangha Sarbojanin,South,South 24 Parganas,22.46924,88.36532,Kavi Subhash (New Garia),8,Garia Station Auto Stand,Bonedi Bari,4.5,45,Unique bonedi bari showcasing artisanal craftsmanship and community heritage.,True,True
p-162,Harish Park Sarbojanin Durgotsab Samity,South,South Kolkata,22.52413,88.35802,Kalighat / Jatin Das Park / Gariahat,17,Kalighat Auto Stand,Bonedi Bari,5.0,25,Unique bonedi bari showcasing artisanal craftsmanship and community heritage.,False,False
p-163,Haritaki Bagan Sarbojanin Durgotsab,North,North Kolkata,22.60423,88.38476,Shyambazar / Sovabazar,4,Shyambazar 5-Point Stand,Bonedi Bari,4.9,20,Unique bonedi bari showcasing artisanal craftsmanship and community heritage.,False,True
p-164,Haru Chandra Sporting Club,South,Behala,22.51024,88.32713,Taratala / Behala Chowrasta,17,Behala Tram Depot Auto Point,Contemporary Art,4.8,30,Unique contemporary art showcasing artisanal craftsmanship and community heritage.,False,False
p-165,Hatibagan Nabinpally Sarbojanin Durgotsav,North,North Kolkata,22.5938,88.35969,Shyambazar / Sovabazar,15,Shyambazar 5-Point Stand,Bonedi Bari,4.5,20,Unique bonedi bari showcasing artisanal craftsmanship and community heritage.,False,False
p-166,Himachal Sangha Durga Puja,South,Other Zone,22.55165,88.34417,Esplanade Interchange,4,Esplanade Central Stand,Social Theme,4.6,30,Unique social theme showcasing artisanal craftsmanship and community heritage.,False,False
p-167,Hindustan Pally Durga Puja Committee,South,South Kolkata,22.51203,88.37071,Kalighat / Jatin Das Park / Gariahat,19,Kalighat Auto Stand,Bonedi Bari,4.4,60,Unique bonedi bari showcasing artisanal craftsmanship and community heritage.,True,True
p-168,Howrah Jatiya Sevadal Club Durga Puja,South,Howrah,22.58784,88.34467,Howrah Railway & Metro,13,Howrah Station Auto Bay,Bonedi Bari,4.8,60,Unique bonedi bari showcasing artisanal craftsmanship and community heritage.,True,False
p-169,Ichapur Bayam Samity Durga Puja,South,Howrah,22.58573,88.35204,Howrah Railway & Metro,20,Howrah Station Auto Bay,Bonedi Bari,4.5,50,Unique bonedi bari showcasing artisanal craftsmanship and community heritage.,False,True
p-170,Ichapur Mitali Sangha Durga Puja,South,Howrah,22.58125,88.3235,Howrah Railway & Metro,7,Howrah Station Auto Bay,Grand Lighting & Architecture,5.0,60,Unique grand lighting & architecture showcasing artisanal craftsmanship and community heritage.,False,False
p-171,Ichapur Sanghamitra Durga Puja,South,Howrah,22.60059,88.32231,Howrah Railway & Metro,12,Howrah Station Auto Bay,Contemporary Art,4.7,75,Unique contemporary art showcasing artisanal craftsmanship and community heritage.,True,False
p-172,Ichlabad Youth Club Durga Puja,South,Other Zone,22.56209,88.37132,Esplanade Interchange,14,Esplanade Central Stand,Contemporary Art,4.9,50,Unique contemporary art showcasing artisanal craftsmanship and community heritage.,False,False
p-173,Interact Club of Chowringhee High School Sarbojanin Durga Puja,Central,Central Kolkata,22.58099,88.3687,MG Road / Central / Sealdah,20,College Street Auto Stand,Heritage & Traditional,4.7,15,Unique heritage & traditional showcasing artisanal craftsmanship and community heritage.,False,True
p-174,Jagaran Club Durga Puja,South,South Kolkata,22.51565,88.37215,Kalighat / Jatin Das Park / Gariahat,6,Kalighat Auto Stand,Social Theme,4.4,20,Unique social theme showcasing artisanal craftsmanship and community heritage.,False,True
p-175,Jagat Mukherjee Park Durga Puja,North,North Kolkata,22.58707,88.37256,Shyambazar / Sovabazar,18,Shyambazar 5-Point Stand,Social Theme,4.4,35,Unique social theme showcasing artisanal craftsmanship and community heritage.,False,True
p-176,Jaigaon Youth Ujjawal Club,South,Other Zone,22.53295,88.36411,Esplanade Interchange,5,Esplanade Central Stand,Grand Lighting & Architecture,4.9,35,Unique grand lighting & architecture showcasing artisanal craftsmanship and community heritage.,False,True
p-177,Jawpur Bayam Samity Durga Puja,East,East Kolkata,22.56142,88.38382,Salt Lake / Phoolbagan,14,Ultadanga Auto Hub,Bonedi Bari,4.4,90,Unique bonedi bari showcasing artisanal craftsmanship and community heritage.,False,False
p-178,Jayasree Sarbojanin Durgotsab Samity,South,Behala,22.4833,88.30413,Taratala / Behala Chowrasta,6,Behala Tram Depot Auto Point,Bonedi Bari,4.9,75,Unique bonedi bari showcasing artisanal craftsmanship and community heritage.,False,False
p-179,Jhikurberia Sarbojanin Durga Puja,South,South 24 Parganas,22.46935,88.38431,Kavi Subhash (New Garia),19,Garia Station Auto Stand,Social Theme,4.4,15,Unique social theme showcasing artisanal craftsmanship and community heritage.,False,True
p-180,Jhorehat Pachal Para Puja Committee,South,Howrah,22.59525,88.34206,Howrah Railway & Metro,18,Howrah Station Auto Bay,Bonedi Bari,4.5,15,Unique bonedi bari showcasing artisanal craftsmanship and community heritage.,False,True
p-181,Jokermath Sarbojonin Durga Puja,North,North Kolkata,22.60786,88.36311,Shyambazar / Sovabazar,14,Shyambazar 5-Point Stand,Social Theme,4.7,30,Unique social theme showcasing artisanal craftsmanship and community heritage.,False,True
p-182,Joyrampur Sarbojanin Durga Puja Committee,South,Behala,22.51211,88.33305,Taratala / Behala Chowrasta,7,Behala Tram Depot Auto Point,Heritage & Traditional,4.5,15,Unique heritage & traditional showcasing artisanal craftsmanship and community heritage.,False,False
p-183,Jubamaitry Kalighat Durga Puja,South,South Kolkata,22.5042,88.35685,Kalighat / Jatin Das Park / Gariahat,8,Kalighat Auto Stand,Bonedi Bari,4.3,45,Unique bonedi bari showcasing artisanal craftsmanship and community heritage.,False,True
p-184,Judge Bagan Sarbojanin Durgotsab,East,East Kolkata,22.58139,88.40999,Salt Lake / Phoolbagan,3,Ultadanga Auto Hub,Social Theme,4.4,25,Unique social theme showcasing artisanal craftsmanship and community heritage.,False,True
p-185,Kailash Bose Street Durga Puja,North,North Kolkata,22.58839,88.37581,Shyambazar / Sovabazar,10,Shyambazar 5-Point Stand,Social Theme,4.7,90,Unique social theme showcasing artisanal craftsmanship and community heritage.,False,False
p-186,Kalighat Nepal Bhattacharjee Street Club,South,South Kolkata,22.5226,88.36024,Kalighat / Jatin Das Park / Gariahat,11,Kalighat Auto Stand,Social Theme,4.5,20,Unique social theme showcasing artisanal craftsmanship and community heritage.,False,False
p-187,Kalitala Sarbojanin Durgotsab Committee,South,Other Zone,22.5588,88.3598,Esplanade Interchange,11,Esplanade Central Stand,Contemporary Art,4.4,30,Unique contemporary art showcasing artisanal craftsmanship and community heritage.,False,False
p-188,Kamardanga Sisu Sangha Durga Puja,South,Howrah,22.60203,88.35194,Howrah Railway & Metro,7,Howrah Station Auto Bay,Social Theme,4.4,75,Unique social theme showcasing artisanal craftsmanship and community heritage.,True,False
p-189,Kamardanga Sitalatala Barowari Durga Puja,South,Howrah,22.59934,88.32822,Howrah Railway & Metro,15,Howrah Station Auto Bay,Social Theme,4.5,25,Unique social theme showcasing artisanal craftsmanship and community heritage.,False,False
p-190,Kanai Dhar Lane Adhibasi Brinda,Central,Central Kolkata,22.56114,88.35146,MG Road / Central / Sealdah,9,College Street Auto Stand,Bonedi Bari,5.0,90,Unique bonedi bari showcasing artisanal craftsmanship and community heritage.,False,True
p-191,Kanjial Para Puja Samity Durga Puja,East,East Kolkata,22.59039,88.40947,Salt Lake / Phoolbagan,19,Ultadanga Auto Hub,Contemporary Art,4.4,35,Unique contemporary art showcasing artisanal craftsmanship and community heritage.,False,False
p-192,Kankurgachi Sarbojanin Durgotsab,North,North Kolkata,22.5847,88.3843,Shyambazar / Sovabazar,9,Shyambazar 5-Point Stand,Bonedi Bari,4.3,20,Unique bonedi bari showcasing artisanal craftsmanship and community heritage.,False,False
p-193,Kansaripara Sarbojanin Sarodotsab Committee,South,South Kolkata,22.53251,88.35325,Kalighat / Jatin Das Park / Gariahat,15,Kalighat Auto Stand,Contemporary Art,4.4,40,Unique contemporary art showcasing artisanal craftsmanship and community heritage.,True,False
p-194,Kantore Milan Sangha Durga Puja,South,Other Zone,22.55027,88.35395,Esplanade Interchange,15,Esplanade Central Stand,Social Theme,4.5,90,Unique social theme showcasing artisanal craftsmanship and community heritage.,False,False
p-195,Kasba R.K. Chatterjee Road Adhibasi Brinda Durga Puja,South,South Kolkata,22.52963,88.35959,Kalighat / Jatin Das Park / Gariahat,5,Kalighat Auto Stand,Bonedi Bari,4.9,20,Unique bonedi bari showcasing artisanal craftsmanship and community heritage.,False,True
p-196,Kasba Renaissance Club,South,South Kolkata,22.50744,88.34991,Kalighat / Jatin Das Park / Gariahat,15,Kalighat Auto Stand,Heritage & Traditional,4.9,40,Unique heritage & traditional showcasing artisanal craftsmanship and community heritage.,True,False
p-197,Kasba Shakti Sangha Pallybasi Durgotsav Samity,South,South Kolkata,22.52211,88.36361,Kalighat / Jatin Das Park / Gariahat,19,Kalighat Auto Stand,Grand Lighting & Architecture,4.9,50,Unique grand lighting & architecture showcasing artisanal craftsmanship and community heritage.,True,True
p-198,Kashi Bose Lane Durga Puja Committee,North,North Kolkata,22.60094,88.35458,Shyambazar / Sovabazar,3,Shyambazar 5-Point Stand,Social Theme,4.6,60,Unique social theme showcasing artisanal craftsmanship and community heritage.,False,True
p-199,Kashipur Yubo Gosthi,South,Howrah,22.58004,88.34424,Howrah Railway & Metro,4,Howrah Station Auto Bay,Heritage & Traditional,4.5,60,Unique heritage & traditional showcasing artisanal craftsmanship and community heritage.,False,True
p-200,Kazi Bagan Lane Durga Puja,South,Howrah,22.57999,88.34212,Howrah Railway & Metro,11,Howrah Station Auto Bay,Social Theme,4.5,75,Unique social theme showcasing artisanal craftsmanship and community heritage.,False,False
p-201,Keota Nabin Sangha,South,Hooghly,22.88207,88.37763,Suburban Railway Line,18,Grand Trunk Road Auto Stand,Bonedi Bari,4.3,15,Unique bonedi bari showcasing artisanal craftsmanship and community heritage.,False,True
p-202,Ketopole Sammilani Durga Puja,South,South Kolkata,22.52945,88.37229,Kalighat / Jatin Das Park / Gariahat,4,Kalighat Auto Stand,Bonedi Bari,4.6,15,Unique bonedi bari showcasing artisanal craftsmanship and community heritage.,False,True
p-203,Keyatala Pally Samity Durga Puja,South,South Kolkata,22.52374,88.33853,Kalighat / Jatin Das Park / Gariahat,10,Kalighat Auto Stand,Grand Lighting & Architecture,4.3,30,Unique grand lighting & architecture showcasing artisanal craftsmanship and community heritage.,False,True
p-204,Khamarkur Durga Puja,South,South 24 Parganas,22.45646,88.37019,Kavi Subhash (New Garia),16,Garia Station Auto Stand,Grand Lighting & Architecture,4.9,15,Unique grand lighting & architecture showcasing artisanal craftsmanship and community heritage.,False,True
p-205,Kheyali Sangha Durga Puja,South,South Kolkata,22.53441,88.34271,Kalighat / Jatin Das Park / Gariahat,19,Kalighat Auto Stand,Bonedi Bari,4.6,45,Unique bonedi bari showcasing artisanal craftsmanship and community heritage.,False,True
p-206,Khidderpore Sarbojanin Durgotsab,South,South Kolkata,22.53208,88.34518,Kalighat / Jatin Das Park / Gariahat,11,Kalighat Auto Stand,Bonedi Bari,4.4,45,Unique bonedi bari showcasing artisanal craftsmanship and community heritage.,False,False
p-207,Khidderpur 75 Pally Sarbojanin Durgotsab Committee,South,South Kolkata,22.52413,88.34477,Kalighat / Jatin Das Park / Gariahat,15,Kalighat Auto Stand,Bonedi Bari,4.7,20,Unique bonedi bari showcasing artisanal craftsmanship and community heritage.,False,False
p-208,Kidderpore Jubaghosthi Durga Puja,South,South Kolkata,22.52449,88.35015,Kalighat / Jatin Das Park / Gariahat,10,Kalighat Auto Stand,Grand Lighting & Architecture,4.9,45,Unique grand lighting & architecture showcasing artisanal craftsmanship and community heritage.,False,False
p-209,Kidderpore Pally Saradiya Durga Puja,South,South Kolkata,22.5058,88.33935,Kalighat / Jatin Das Park / Gariahat,17,Kalighat Auto Stand,Heritage & Traditional,4.6,30,Unique heritage & traditional showcasing artisanal craftsmanship and community heritage.,False,False
p-210,Kishor Sangsad Club Durga Puja,South,Howrah,22.58602,88.35033,Howrah Railway & Metro,4,Howrah Station Auto Bay,Grand Lighting & Architecture,4.9,15,Unique grand lighting & architecture showcasing artisanal craftsmanship and community heritage.,False,True
p-211,Kishorepur Sarbojanin Durgotsab,South,Hooghly,22.88101,88.39582,Suburban Railway Line,12,Grand Trunk Road Auto Stand,Heritage & Traditional,4.5,60,Unique heritage & traditional showcasing artisanal craftsmanship and community heritage.,False,False
p-212,Krishnanagar Club Durga Puja,South,Other Zone,22.53283,88.3429,Esplanade Interchange,18,Esplanade Central Stand,Social Theme,4.4,35,Unique social theme showcasing artisanal craftsmanship and community heritage.,False,True
p-213,KTPP Officers Club Durgotsab,South,Other Zone,22.5561,88.35538,Esplanade Interchange,3,Esplanade Central Stand,Bonedi Bari,4.4,75,Unique bonedi bari showcasing artisanal craftsmanship and community heritage.,True,False
p-214,Kumartuli Park Sarbojanin Durgotsab Committee,North,North Kolkata,22.60509,88.37167,Shyambazar / Sovabazar,15,Shyambazar 5-Point Stand,Heritage & Traditional,4.4,20,Unique heritage & traditional showcasing artisanal craftsmanship and community heritage.,False,False
p-215,Kumartuli Sarbojanin Durgotsab,North,North Kolkata,22.59114,88.37114,Shyambazar / Sovabazar,11,Shyambazar 5-Point Stand,Grand Lighting & Architecture,4.3,40,Unique grand lighting & architecture showcasing artisanal craftsmanship and community heritage.,True,False
p-216,Kustar Sarbojanin Durga Puja,South,Other Zone,22.54435,88.36872,Esplanade Interchange,7,Esplanade Central Stand,Social Theme,4.5,50,Unique social theme showcasing artisanal craftsmanship and community heritage.,True,True
p-217,Lahiri Para Sarbojanin Durgotsav,South,Hooghly,22.88304,88.39252,Suburban Railway Line,5,Grand Trunk Road Auto Stand,Grand Lighting & Architecture,4.4,45,Unique grand lighting & architecture showcasing artisanal craftsmanship and community heritage.,True,True
p-218,Lake Gardens Peoples Association Durga Puja,South,South Kolkata,22.51701,88.3535,Kalighat / Jatin Das Park / Gariahat,6,Kalighat Auto Stand,Bonedi Bari,4.3,30,Unique bonedi bari showcasing artisanal craftsmanship and community heritage.,False,False
p-219,Lake Town Adhibasi Brinda Durga Puja,North,North 24 Parganas,22.6251,88.40971,Dum Dum / VIP Road,10,Nagerbazar Auto Stand,Social Theme,4.9,20,Unique social theme showcasing artisanal craftsmanship and community heritage.,False,True
p-220,Lake Town Sarbojanin Durgotsav,North,North 24 Parganas,22.61124,88.40716,Dum Dum / VIP Road,9,Nagerbazar Auto Stand,Bonedi Bari,5.0,25,Unique bonedi bari showcasing artisanal craftsmanship and community heritage.,False,False
p-221,Lake View Park Sarbojanin Durgotsav Samity,North,North Kolkata,22.58427,88.3805,Shyambazar / Sovabazar,16,Shyambazar 5-Point Stand,Social Theme,4.9,50,Unique social theme showcasing artisanal craftsmanship and community heritage.,True,False
p-222,Lake Youth Corner Durga Puja,South,South Kolkata,22.50831,88.35445,Kalighat / Jatin Das Park / Gariahat,14,Kalighat Auto Stand,Bonedi Bari,4.6,75,Unique bonedi bari showcasing artisanal craftsmanship and community heritage.,False,True
p-223,Machua Bazar Sarbajanik Durga Puja Samity,Central,Central Kolkata,22.58475,88.37112,MG Road / Central / Sealdah,12,College Street Auto Stand,Social Theme,4.7,15,Unique social theme showcasing artisanal craftsmanship and community heritage.,False,True
p-224,Madhusudan Das Lane & Bye Lane Sarbojanin Durgotsab,South,Howrah,22.5808,88.33781,Howrah Railway & Metro,13,Howrah Station Auto Bay,Grand Lighting & Architecture,4.5,35,Unique grand lighting & architecture showcasing artisanal craftsmanship and community heritage.,False,True
p-225,Mahalla Sarbojanin Durgautsab Samity,North,North Kolkata,22.59654,88.35253,Shyambazar / Sovabazar,5,Shyambazar 5-Point Stand,Heritage & Traditional,4.7,75,Unique heritage & traditional showcasing artisanal craftsmanship and community heritage.,True,False
p-226,Mahamayatala Sarbojanin Durgotsab,South,South Kolkata,22.50479,88.35949,Kalighat / Jatin Das Park / Gariahat,10,Kalighat Auto Stand,Grand Lighting & Architecture,4.3,90,Unique grand lighting & architecture showcasing artisanal craftsmanship and community heritage.,False,False
p-227,Makardah Karuri Para Sarbojanin Durgotsav,South,Howrah,22.56967,88.34946,Howrah Railway & Metro,20,Howrah Station Auto Bay,Contemporary Art,4.3,35,Unique contemporary art showcasing artisanal craftsmanship and community heritage.,False,True
p-228,Maniratnam Flat Owner Association,North,North 24 Parganas,22.61282,88.43092,Dum Dum / VIP Road,17,Nagerbazar Auto Stand,Grand Lighting & Architecture,5.0,20,Unique grand lighting & architecture showcasing artisanal craftsmanship and community heritage.,False,True
p-229,Md. Ali Park Durga Puja,Central,Central Kolkata,22.57284,88.34529,MG Road / Central / Sealdah,20,College Street Auto Stand,Bonedi Bari,4.6,75,Unique bonedi bari showcasing artisanal craftsmanship and community heritage.,True,True
p-230,Megacity Residents Puja Committee,South,South Kolkata,22.53379,88.35534,Kalighat / Jatin Das Park / Gariahat,14,Kalighat Auto Stand,Bonedi Bari,4.5,60,Unique bonedi bari showcasing artisanal craftsmanship and community heritage.,False,True
p-231,Milan Sangha Durga Puja,South,Howrah,22.5683,88.33782,Howrah Railway & Metro,11,Howrah Station Auto Bay,Bonedi Bari,4.8,30,Unique bonedi bari showcasing artisanal craftsmanship and community heritage.,False,False
p-232,Milon Sangha Durga Puja,South,Hooghly,22.89605,88.39713,Suburban Railway Line,12,Grand Trunk Road Auto Stand,Contemporary Art,4.7,50,Unique contemporary art showcasing artisanal craftsmanship and community heritage.,True,True
p-233,Mitali Kankurgachi Durga Puja,North,North Kolkata,22.5838,88.37652,Shyambazar / Sovabazar,4,Shyambazar 5-Point Stand,Contemporary Art,4.8,30,Unique contemporary art showcasing artisanal craftsmanship and community heritage.,False,True
p-234,Mohan Bagan Barwari Durga Puja,North,North Kolkata,22.598,88.36893,Shyambazar / Sovabazar,11,Shyambazar 5-Point Stand,Contemporary Art,5.0,15,Unique contemporary art showcasing artisanal craftsmanship and community heritage.,False,False
p-235,Mohila Mahal Club Durga Puja,South,South Kolkata,22.51925,88.36366,Kalighat / Jatin Das Park / Gariahat,8,Kalighat Auto Stand,Social Theme,5.0,60,Unique social theme showcasing artisanal craftsmanship and community heritage.,True,False
p-236,Mondal Para Sporting Club Durga Puja,North,North Kolkata,22.57887,88.36684,Shyambazar / Sovabazar,19,Shyambazar 5-Point Stand,Contemporary Art,4.9,35,Unique contemporary art showcasing artisanal craftsmanship and community heritage.,False,True
p-237,Monmohan Park Sarbojanin Durgotsab,South,Behala,22.50076,88.31108,Taratala / Behala Chowrasta,7,Behala Tram Depot Auto Point,Social Theme,4.6,20,Unique social theme showcasing artisanal craftsmanship and community heritage.,False,False
p-238,Monohar Pukur Baisakhi Sangha,South,South Kolkata,22.51001,88.33951,Kalighat / Jatin Das Park / Gariahat,19,Kalighat Auto Stand,Bonedi Bari,4.6,30,Unique bonedi bari showcasing artisanal craftsmanship and community heritage.,False,True
p-239,Mudiali Club Sarbojanin Durga Puja,South,South Kolkata,22.52698,88.36466,Kalighat / Jatin Das Park / Gariahat,16,Kalighat Auto Stand,Heritage & Traditional,4.8,30,Unique heritage & traditional showcasing artisanal craftsmanship and community heritage.,False,True
p-240,Mukundapur Sarbojanin Durgotsav Committee,South,South 24 Parganas,22.47301,88.3798,Kavi Subhash (New Garia),20,Garia Station Auto Stand,Grand Lighting & Architecture,4.6,15,Unique grand lighting & architecture showcasing artisanal craftsmanship and community heritage.,False,True
p-241,N.S.C. Sports Club Durga Puja,South,South Kolkata,22.5361,88.36872,Kalighat / Jatin Das Park / Gariahat,16,Kalighat Auto Stand,Bonedi Bari,4.5,45,Unique bonedi bari showcasing artisanal craftsmanship and community heritage.,False,False
p-242,Nabanagar Badamtala Sarbojanin Durgotsab,South,Howrah,22.57131,88.32976,Howrah Railway & Metro,5,Howrah Station Auto Bay,Heritage & Traditional,4.6,50,Unique heritage & traditional showcasing artisanal craftsmanship and community heritage.,True,True
p-243,Nabapally Adhibashi Brinda Durga Puja,East,East Kolkata,22.57652,88.39339,Salt Lake / Phoolbagan,7,Ultadanga Auto Hub,Bonedi Bari,4.9,90,Unique bonedi bari showcasing artisanal craftsmanship and community heritage.,False,True
p-244,Nabarun Sangha Durga Puja,South,Behala,22.51127,88.31026,Taratala / Behala Chowrasta,8,Behala Tram Depot Auto Point,Heritage & Traditional,4.4,60,Unique heritage & traditional showcasing artisanal craftsmanship and community heritage.,False,False
p-245,Nainan Para & Jogendra Basak Road Sarbojanin Shree Shree Durgapuja,North,North Kolkata,22.59082,88.3697,Shyambazar / Sovabazar,10,Shyambazar 5-Point Stand,Heritage & Traditional,4.6,40,Unique heritage & traditional showcasing artisanal craftsmanship and community heritage.,False,True
p-246,Naktala Udayan Sangha Durga Puja,South,South Kolkata,22.52408,88.34473,Kalighat / Jatin Das Park / Gariahat,11,Kalighat Auto Stand,Heritage & Traditional,4.8,40,Unique heritage & traditional showcasing artisanal craftsmanship and community heritage.,False,True
p-247,Nalin Sarkar Street Sarbojanin Durgotsab,North,North Kolkata,22.59534,88.37811,Shyambazar / Sovabazar,15,Shyambazar 5-Point Stand,Heritage & Traditional,4.4,60,Unique heritage & traditional showcasing artisanal craftsmanship and community heritage.,True,True
p-248,Naskarpara Sarbojanin Durgotsav,South,South Kolkata,22.51888,88.37137,Kalighat / Jatin Das Park / Gariahat,6,Kalighat Auto Stand,Grand Lighting & Architecture,4.8,50,Unique grand lighting & architecture showcasing artisanal craftsmanship and community heritage.,True,False
p-249,Nehru Nagar Sarbojanin Durga Puja Samity,South,Hooghly,22.87477,88.39176,Suburban Railway Line,18,Grand Trunk Road Auto Stand,Contemporary Art,4.6,20,Unique contemporary art showcasing artisanal craftsmanship and community heritage.,False,True
p-250,Netaji Sporting Club Durga Puja,East,East Kolkata,22.5833,88.39841,Salt Lake / Phoolbagan,6,Ultadanga Auto Hub,Grand Lighting & Architecture,4.4,25,Unique grand lighting & architecture showcasing artisanal craftsmanship and community heritage.,False,False
p-251,New Alipore Suruchi Sangha Durga Puja,South,South Kolkata,22.51169,88.35654,Kalighat / Jatin Das Park / Gariahat,11,Kalighat Auto Stand,Contemporary Art,4.5,90,Unique contemporary art showcasing artisanal craftsmanship and community heritage.,False,False
p-252,New Market Sarbojanin Sri Sri Durga Puja,Central,Central Kolkata,22.5561,88.37437,MG Road / Central / Sealdah,12,College Street Auto Stand,Heritage & Traditional,4.3,90,Unique heritage & traditional showcasing artisanal craftsmanship and community heritage.,True,True
p-253,New Santoshpur Adi Durgotsab,South,South Kolkata,22.508,88.35139,Kalighat / Jatin Das Park / Gariahat,10,Kalighat Auto Stand,Grand Lighting & Architecture,4.8,90,Unique grand lighting & architecture showcasing artisanal craftsmanship and community heritage.,False,True
p-254,"Nigampally, (Hakimpara) Unnayan Samity Durga Puja",South,Other Zone,22.54926,88.37319,Esplanade Interchange,6,Esplanade Central Stand,Contemporary Art,4.9,20,Unique contemporary art showcasing artisanal craftsmanship and community heritage.,False,True
p-255,Nimta Boy's Athletic Club Sarbojanin Durgotsav,North,North Kolkata,22.60625,88.36831,Shyambazar / Sovabazar,8,Shyambazar 5-Point Stand,Bonedi Bari,4.4,40,Unique bonedi bari showcasing artisanal craftsmanship and community heritage.,True,True
p-256,Nimtala Sarbojanin Durgotsab,North,North Kolkata,22.58,88.36726,Shyambazar / Sovabazar,5,Shyambazar 5-Point Stand,Grand Lighting & Architecture,4.5,60,Unique grand lighting & architecture showcasing artisanal craftsmanship and community heritage.,False,True
p-257,North Tangra Durga Puja,North,North Kolkata,22.58684,88.35664,Shyambazar / Sovabazar,13,Shyambazar 5-Point Stand,Heritage & Traditional,4.8,75,Unique heritage & traditional showcasing artisanal craftsmanship and community heritage.,True,True
p-258,North Tridhara Sarbojanin Durga Puja,North,North Kolkata,22.58018,88.3614,Shyambazar / Sovabazar,6,Shyambazar 5-Point Stand,Contemporary Art,4.3,50,Unique contemporary art showcasing artisanal craftsmanship and community heritage.,False,True
p-259,Nutan Pally Sarbojanin Durgotsab,North,North Kolkata,22.60117,88.3789,Shyambazar / Sovabazar,8,Shyambazar 5-Point Stand,Grand Lighting & Architecture,4.3,75,Unique grand lighting & architecture showcasing artisanal craftsmanship and community heritage.,False,True
p-260,Oikotan Hebbal Durgotsav,South,Other Zone,22.5372,88.36955,Esplanade Interchange,13,Esplanade Central Stand,Heritage & Traditional,4.7,50,Unique heritage & traditional showcasing artisanal craftsmanship and community heritage.,True,True
p-261,Paddapukur Barwari Samity,South,South Kolkata,22.52724,88.35321,Kalighat / Jatin Das Park / Gariahat,5,Kalighat Auto Stand,Heritage & Traditional,4.3,75,Unique heritage & traditional showcasing artisanal craftsmanship and community heritage.,False,False
p-262,Paddapukur Youth Association Durga Puja,South,South Kolkata,22.50651,88.36732,Kalighat / Jatin Das Park / Gariahat,18,Kalighat Auto Stand,Contemporary Art,5.0,40,Unique contemporary art showcasing artisanal craftsmanship and community heritage.,True,False
p-263,Palli Asar Sporting Club Durga Puja,South,Behala,22.5037,88.30636,Taratala / Behala Chowrasta,4,Behala Tram Depot Auto Point,Social Theme,4.5,90,Unique social theme showcasing artisanal craftsmanship and community heritage.,False,True
p-264,Palli Unnayan Samity Durga Puja,South,Behala,22.51008,88.32898,Taratala / Behala Chowrasta,19,Behala Tram Depot Auto Point,Grand Lighting & Architecture,4.7,30,Unique grand lighting & architecture showcasing artisanal craftsmanship and community heritage.,False,False
p-265,Pallir Yubak Brinda Durga Puja,Central,Central Kolkata,22.58344,88.3568,MG Road / Central / Sealdah,20,College Street Auto Stand,Social Theme,4.7,20,Unique social theme showcasing artisanal craftsmanship and community heritage.,False,True
p-266,Pally Mangal Samity Durga Puja,South,South Kolkata,22.53046,88.371,Kalighat / Jatin Das Park / Gariahat,13,Kalighat Auto Stand,Contemporary Art,4.9,90,Unique contemporary art showcasing artisanal craftsmanship and community heritage.,False,False
p-267,Panchanantala Sarbojonin Durgatsob Samity,South,Hooghly,22.87142,88.37914,Suburban Railway Line,16,Grand Trunk Road Auto Stand,Grand Lighting & Architecture,4.7,90,Unique grand lighting & architecture showcasing artisanal craftsmanship and community heritage.,False,False
p-268,Panchanna Gram Adhibasibrinda,South,South Kolkata,22.52395,88.35078,Kalighat / Jatin Das Park / Gariahat,9,Kalighat Auto Stand,Bonedi Bari,4.8,25,Unique bonedi bari showcasing artisanal craftsmanship and community heritage.,False,False
p-269,Pandaveswar Namupara Adhibasibrindo,South,Other Zone,22.56125,88.37556,Esplanade Interchange,14,Esplanade Central Stand,Heritage & Traditional,4.7,30,Unique heritage & traditional showcasing artisanal craftsmanship and community heritage.,False,False
p-270,Panuhat Purbapara Sarbojanin Durga Puja,South,Other Zone,22.56171,88.35437,Esplanade Interchange,8,Esplanade Central Stand,Social Theme,4.7,25,Unique social theme showcasing artisanal craftsmanship and community heritage.,False,True
p-271,Parnasree Club Sarbojanin Durgotsav,South,Behala,22.48821,88.32917,Taratala / Behala Chowrasta,13,Behala Tram Depot Auto Point,Social Theme,4.6,60,Unique social theme showcasing artisanal craftsmanship and community heritage.,False,True
p-272,Paschim Putiary Sarbojanin Nabo Durgotsav,South,South Kolkata,22.50748,88.37073,Kalighat / Jatin Das Park / Gariahat,19,Kalighat Auto Stand,Heritage & Traditional,5.0,40,Unique heritage & traditional showcasing artisanal craftsmanship and community heritage.,True,True
p-273,Pathuria Ghata Pancher Palli Sarbojanin,North,North Kolkata,22.60641,88.35513,Shyambazar / Sovabazar,17,Shyambazar 5-Point Stand,Social Theme,4.7,45,Unique social theme showcasing artisanal craftsmanship and community heritage.,False,True
p-274,Patipukur Sarkari Abas Sharad Utsav Committee,North,North 24 Parganas,22.63518,88.427,Dum Dum / VIP Road,9,Nagerbazar Auto Stand,Heritage & Traditional,4.5,45,Unique heritage & traditional showcasing artisanal craftsmanship and community heritage.,False,True
p-275,Patuli Sarbojanin Durgotsab,South,South Kolkata,22.51682,88.35544,Kalighat / Jatin Das Park / Gariahat,5,Kalighat Auto Stand,Grand Lighting & Architecture,4.4,50,Unique grand lighting & architecture showcasing artisanal craftsmanship and community heritage.,True,True
p-276,Peyarabagan Sarbojanin Durgotsab,South,South Kolkata,22.51668,88.3715,Kalighat / Jatin Das Park / Gariahat,6,Kalighat Auto Stand,Heritage & Traditional,4.9,75,Unique heritage & traditional showcasing artisanal craftsmanship and community heritage.,False,False
p-277,Phulpukur Sarbojanin Durgotsav Samiti,South,Hooghly,22.86543,88.38125,Suburban Railway Line,8,Grand Trunk Road Auto Stand,Bonedi Bari,4.7,15,Unique bonedi bari showcasing artisanal craftsmanship and community heritage.,False,False
p-278,Picnic Sunrise Club,South,South Kolkata,22.52904,88.36768,Kalighat / Jatin Das Park / Gariahat,15,Kalighat Auto Stand,Social Theme,4.8,50,Unique social theme showcasing artisanal craftsmanship and community heritage.,True,False
p-279,Pockpari Sanghasree Sarbojanin Durgotsab Puja Committee,South,South 24 Parganas,22.46611,88.38212,Kavi Subhash (New Garia),7,Garia Station Auto Stand,Social Theme,4.5,45,Unique social theme showcasing artisanal craftsmanship and community heritage.,False,False
p-280,Prafulla Kanan Sarbojanin Durgotsab,East,Salt Lake,22.6007,88.40085,Karunamoyee / Central Park,10,Karunamoyee Terminus Stand,Heritage & Traditional,4.3,35,Unique heritage & traditional showcasing artisanal craftsmanship and community heritage.,False,True
p-281,Pragati Sangha Durga Puja,South,South Kolkata,22.5242,88.35803,Kalighat / Jatin Das Park / Gariahat,7,Kalighat Auto Stand,Social Theme,4.9,50,Unique social theme showcasing artisanal craftsmanship and community heritage.,True,True
p-282,Pragati Sangha Durgotsab Committee,South,South Kolkata,22.53281,88.34875,Kalighat / Jatin Das Park / Gariahat,15,Kalighat Auto Stand,Social Theme,4.8,50,Unique social theme showcasing artisanal craftsmanship and community heritage.,True,False
p-283,Purba Kalikata Sarbojanin Durgotsav,East,East Kolkata,22.57026,88.3834,Salt Lake / Phoolbagan,3,Ultadanga Auto Hub,Grand Lighting & Architecture,4.6,35,Unique grand lighting & architecture showcasing artisanal craftsmanship and community heritage.,False,True
p-284,Purbachal Residents Sarbojanin Durgotsav,South,South Kolkata,22.5287,88.37089,Kalighat / Jatin Das Park / Gariahat,20,Kalighat Auto Stand,Contemporary Art,5.0,75,Unique contemporary art showcasing artisanal craftsmanship and community heritage.,True,False
p-285,Purbanchal Prabhati Sangha Durga Puja,East,East Kolkata,22.56404,88.38763,Salt Lake / Phoolbagan,9,Ultadanga Auto Hub,Social Theme,4.4,40,Unique social theme showcasing artisanal craftsmanship and community heritage.,False,True
p-286,Putiary Sarbojanin Durgotsab Committee,South,South Kolkata,22.52053,88.3609,Kalighat / Jatin Das Park / Gariahat,8,Kalighat Auto Stand,Grand Lighting & Architecture,5.0,30,Unique grand lighting & architecture showcasing artisanal craftsmanship and community heritage.,False,False
p-287,R.B. Sarani Sarbojanin Durgotsab Samity,South,Hooghly,22.88612,88.40255,Suburban Railway Line,9,Grand Trunk Road Auto Stand,Social Theme,4.5,90,Unique social theme showcasing artisanal craftsmanship and community heritage.,True,False
p-288,Radha Gobinda Mandir Durga Puja,South,Other Zone,22.54704,88.34903,Esplanade Interchange,18,Esplanade Central Stand,Social Theme,4.8,45,Unique social theme showcasing artisanal craftsmanship and community heritage.,True,True
p-289,Ramesh Dutta Street Sarbojanin Durgotsab,North,North Kolkata,22.57881,88.36002,Shyambazar / Sovabazar,20,Shyambazar 5-Point Stand,Heritage & Traditional,4.4,50,Unique heritage & traditional showcasing artisanal craftsmanship and community heritage.,False,True
p-290,Ramgarh Satapally Sarbojanin Durgotsav Committee,South,South Kolkata,22.51812,88.35656,Kalighat / Jatin Das Park / Gariahat,3,Kalighat Auto Stand,Bonedi Bari,4.4,35,Unique bonedi bari showcasing artisanal craftsmanship and community heritage.,False,True
p-291,Rammohan Sammilani Durga Puja,North,North Kolkata,22.58281,88.36491,Shyambazar / Sovabazar,12,Shyambazar 5-Point Stand,Heritage & Traditional,4.7,40,Unique heritage & traditional showcasing artisanal craftsmanship and community heritage.,False,False
p-292,Ranaghat Sporting Association,South,Other Zone,22.53518,88.34459,Esplanade Interchange,11,Esplanade Central Stand,Social Theme,4.4,75,Unique social theme showcasing artisanal craftsmanship and community heritage.,False,False
p-293,Rashbehari Suhrid Sangha,South,South Kolkata,22.51324,88.36763,Kalighat / Jatin Das Park / Gariahat,11,Kalighat Auto Stand,Grand Lighting & Architecture,4.5,90,Unique grand lighting & architecture showcasing artisanal craftsmanship and community heritage.,True,True
p-294,Regent Enclave Durga Puja,North,North 24 Parganas,22.60411,88.41827,Dum Dum / VIP Road,20,Nagerbazar Auto Stand,Social Theme,4.4,15,Unique social theme showcasing artisanal craftsmanship and community heritage.,False,False
p-295,Riya Gitanjali Housing Durga Puja,North,North 24 Parganas,22.62479,88.42463,Dum Dum / VIP Road,20,Nagerbazar Auto Stand,Social Theme,4.8,40,Unique social theme showcasing artisanal craftsmanship and community heritage.,True,False
p-296,Roypara Barowari Durga Puja,South,Hooghly,22.86754,88.37483,Suburban Railway Line,16,Grand Trunk Road Auto Stand,Social Theme,4.6,30,Unique social theme showcasing artisanal craftsmanship and community heritage.,False,True
p-297,Russa Madhyapally Sarbojanin Durgotsav,South,South Kolkata,22.50582,88.35172,Kalighat / Jatin Das Park / Gariahat,5,Kalighat Auto Stand,Social Theme,4.8,45,Unique social theme showcasing artisanal craftsmanship and community heritage.,True,True
p-298,Sabuj Sangha Durga Puja,North,North 24 Parganas,22.61148,88.43552,Dum Dum / VIP Road,8,Nagerbazar Auto Stand,Heritage & Traditional,4.7,30,Unique heritage & traditional showcasing artisanal craftsmanship and community heritage.,False,True
p-299,Sadhukhan Bari Durga Puja,North,North Kolkata,22.5922,88.35675,Shyambazar / Sovabazar,17,Shyambazar 5-Point Stand,Social Theme,4.6,75,Unique social theme showcasing artisanal craftsmanship and community heritage.,False,False
p-300,Sahapur Colony East Durga Puja,South,Behala,22.49014,88.30551,Taratala / Behala Chowrasta,6,Behala Tram Depot Auto Point,Grand Lighting & Architecture,4.7,30,Unique grand lighting & architecture showcasing artisanal craftsmanship and community heritage.,False,False
p-301,Sahapur Friends Association Sarbojanin,South,Behala,22.48186,88.31498,Taratala / Behala Chowrasta,11,Behala Tram Depot Auto Point,Grand Lighting & Architecture,5.0,30,Unique grand lighting & architecture showcasing artisanal craftsmanship and community heritage.,False,False
p-302,Sahapur Mitali Sangha Durga Puja,South,Behala,22.49449,88.32002,Taratala / Behala Chowrasta,5,Behala Tram Depot Auto Point,Heritage & Traditional,4.7,15,Unique heritage & traditional showcasing artisanal craftsmanship and community heritage.,False,False
p-303,Sahapur Nabashakti Sangha Durga Puja,South,Behala,22.48443,88.32874,Taratala / Behala Chowrasta,9,Behala Tram Depot Auto Point,Social Theme,4.5,90,Unique social theme showcasing artisanal craftsmanship and community heritage.,True,False
p-304,Sahapur Panchabatitala Sammilani Durga Puja,South,Behala,22.48636,88.3029,Taratala / Behala Chowrasta,19,Behala Tram Depot Auto Point,Bonedi Bari,4.7,25,Unique bonedi bari showcasing artisanal craftsmanship and community heritage.,False,True
p-305,Sahapur Sarbojanin Durgotsab Committee,South,Behala,22.48648,88.32337,Taratala / Behala Chowrasta,10,Behala Tram Depot Auto Point,Heritage & Traditional,4.6,90,Unique heritage & traditional showcasing artisanal craftsmanship and community heritage.,True,False
p-306,Sahapur Suhrid Sangha Durga Puja Committee,South,South Kolkata,22.51429,88.34111,Kalighat / Jatin Das Park / Gariahat,13,Kalighat Auto Stand,Bonedi Bari,4.9,15,Unique bonedi bari showcasing artisanal craftsmanship and community heritage.,False,False
p-307,Salap Utsahi Sangha Durga Puja,South,Howrah,22.59822,88.35009,Howrah Railway & Metro,4,Howrah Station Auto Bay,Heritage & Traditional,4.5,20,Unique heritage & traditional showcasing artisanal craftsmanship and community heritage.,False,True
p-308,Salkia Baroari Durgatsob,South,Howrah,22.57583,88.32147,Howrah Railway & Metro,5,Howrah Station Auto Bay,Grand Lighting & Architecture,4.3,90,Unique grand lighting & architecture showcasing artisanal craftsmanship and community heritage.,False,True
p-309,Salkia Chatra Bayam Samity Sarbojanin,South,Howrah,22.58018,88.35348,Howrah Railway & Metro,9,Howrah Station Auto Bay,Bonedi Bari,4.5,25,Unique bonedi bari showcasing artisanal craftsmanship and community heritage.,False,False
p-310,Salkia Sadharan Durga Puja,South,Howrah,22.57028,88.33595,Howrah Railway & Metro,3,Howrah Station Auto Bay,Grand Lighting & Architecture,4.3,50,Unique grand lighting & architecture showcasing artisanal craftsmanship and community heritage.,True,True
p-311,Salkia Sitalatala Sarbojanin Durgotsab,South,Howrah,22.57118,88.33259,Howrah Railway & Metro,16,Howrah Station Auto Bay,Contemporary Art,4.3,15,Unique contemporary art showcasing artisanal craftsmanship and community heritage.,False,True
p-312,Sammilani Durga Puja,South,South Kolkata,22.50685,88.36902,Kalighat / Jatin Das Park / Gariahat,19,Kalighat Auto Stand,Grand Lighting & Architecture,4.5,50,Unique grand lighting & architecture showcasing artisanal craftsmanship and community heritage.,True,True
p-313,Sammilita Lalabagan Sarbojanin Durga Puja,North,North Kolkata,22.61109,88.38436,Shyambazar / Sovabazar,20,Shyambazar 5-Point Stand,Bonedi Bari,4.6,75,Unique bonedi bari showcasing artisanal craftsmanship and community heritage.,True,False
p-314,Sampoorna Tritiya Puja Committee,North,North 24 Parganas,22.62472,88.43643,Dum Dum / VIP Road,20,Nagerbazar Auto Stand,Heritage & Traditional,4.3,25,Unique heritage & traditional showcasing artisanal craftsmanship and community heritage.,False,False
p-315,Sanghasree Kalighat Durga Puja,South,South Kolkata,22.5318,88.33799,Kalighat / Jatin Das Park / Gariahat,11,Kalighat Auto Stand,Heritage & Traditional,4.4,40,Unique heritage & traditional showcasing artisanal craftsmanship and community heritage.,True,False
p-316,Santosh Mitra Square Durga Puja,Central,Central Kolkata,22.57561,88.35899,MG Road / Central / Sealdah,4,College Street Auto Stand,Bonedi Bari,4.5,45,Unique bonedi bari showcasing artisanal craftsmanship and community heritage.,True,True
p-317,Santoshpur Avenue South,South,South Kolkata,22.53119,88.34781,Kalighat / Jatin Das Park / Gariahat,7,Kalighat Auto Stand,Bonedi Bari,4.4,75,Unique bonedi bari showcasing artisanal craftsmanship and community heritage.,False,False
p-318,Santoshpur Lake Pally Durga Puja,South,South Kolkata,22.51168,88.33975,Kalighat / Jatin Das Park / Gariahat,12,Kalighat Auto Stand,Heritage & Traditional,4.5,20,Unique heritage & traditional showcasing artisanal craftsmanship and community heritage.,False,False
p-319,Santoshpur Trikon Park Durgotsab,South,South Kolkata,22.53133,88.35722,Kalighat / Jatin Das Park / Gariahat,5,Kalighat Auto Stand,Social Theme,4.5,45,Unique social theme showcasing artisanal craftsmanship and community heritage.,False,False
p-320,Sarkar Bagan Sammilita Sangha Durga Puja,North,North Kolkata,22.60648,88.35521,Shyambazar / Sovabazar,20,Shyambazar 5-Point Stand,Contemporary Art,4.8,45,Unique contemporary art showcasing artisanal craftsmanship and community heritage.,True,True
p-321,Sater Palli Sarbojanin Durgotsav,North,North Kolkata,22.60845,88.37645,Shyambazar / Sovabazar,15,Shyambazar 5-Point Stand,Contemporary Art,4.8,90,Unique contemporary art showcasing artisanal craftsmanship and community heritage.,True,True
p-322,Serampore Aat-Er Palli Durga Puja,South,Hooghly,22.89249,88.40695,Suburban Railway Line,3,Grand Trunk Road Auto Stand,Grand Lighting & Architecture,4.5,75,Unique grand lighting & architecture showcasing artisanal craftsmanship and community heritage.,True,False
p-323,Shaktimoyee Sarbojanin Durgotsab Committee,South,Howrah,22.5909,88.3223,Howrah Railway & Metro,11,Howrah Station Auto Bay,Social Theme,4.5,15,Unique social theme showcasing artisanal craftsmanship and community heritage.,False,False
p-324,Shastri Bagan Sporting Club Durgotsav Committee,North,North 24 Parganas,22.61719,88.43371,Dum Dum / VIP Road,14,Nagerbazar Auto Stand,Heritage & Traditional,4.4,60,Unique heritage & traditional showcasing artisanal craftsmanship and community heritage.,True,True
p-325,Shibmandir Sarbojanin Durgotsab Samiti,South,South Kolkata,22.51639,88.34047,Kalighat / Jatin Das Park / Gariahat,19,Kalighat Auto Stand,Heritage & Traditional,4.3,90,Unique heritage & traditional showcasing artisanal craftsmanship and community heritage.,False,True
p-326,Shibpur Sastitala Durga Puja,South,Howrah,22.5684,88.35164,Howrah Railway & Metro,13,Howrah Station Auto Bay,Bonedi Bari,4.6,25,Unique bonedi bari showcasing artisanal craftsmanship and community heritage.,False,False
p-327,Shikarpur Kishore Sangha Club,South,Other Zone,22.55944,88.35136,Esplanade Interchange,10,Esplanade Central Stand,Contemporary Art,4.5,60,Unique contemporary art showcasing artisanal craftsmanship and community heritage.,False,False
p-328,Shishu Palan Foundation,Central,Central Kolkata,22.57283,88.37909,MG Road / Central / Sealdah,18,College Street Auto Stand,Grand Lighting & Architecture,4.7,30,Unique grand lighting & architecture showcasing artisanal craftsmanship and community heritage.,False,True
p-329,Shyam Sunder Pallybasi Brinda,South,Behala,22.50741,88.30779,Taratala / Behala Chowrasta,7,Behala Tram Depot Auto Point,Social Theme,4.5,45,Unique social theme showcasing artisanal craftsmanship and community heritage.,False,True
p-330,Shyambazar Nabin Sangha Durga Puja,North,North Kolkata,22.59977,88.3528,Shyambazar / Sovabazar,4,Shyambazar 5-Point Stand,Contemporary Art,4.7,75,Unique contemporary art showcasing artisanal craftsmanship and community heritage.,True,True
p-331,Siddha Happyville Cultural Committee,North,North 24 Parganas,22.61659,88.43239,Dum Dum / VIP Road,14,Nagerbazar Auto Stand,Heritage & Traditional,4.6,60,Unique heritage & traditional showcasing artisanal craftsmanship and community heritage.,False,True
p-332,Siddha Town Cultural Committee,North,North 24 Parganas,22.63438,88.40301,Dum Dum / VIP Road,8,Nagerbazar Auto Stand,Social Theme,4.9,20,Unique social theme showcasing artisanal craftsmanship and community heritage.,False,False
p-333,Signum Aristo Residential Puja,North,North Kolkata,22.59175,88.35572,Shyambazar / Sovabazar,4,Shyambazar 5-Point Stand,Contemporary Art,4.6,60,Unique contemporary art showcasing artisanal craftsmanship and community heritage.,True,False
p-334,Sikdar Bagan Sadharan Durgotsov,North,North Kolkata,22.58158,88.37676,Shyambazar / Sovabazar,8,Shyambazar 5-Point Stand,Social Theme,4.6,30,Unique social theme showcasing artisanal craftsmanship and community heritage.,False,False
p-335,Simla Sporting Club Durga Puja,North,North Kolkata,22.60377,88.37491,Shyambazar / Sovabazar,3,Shyambazar 5-Point Stand,Contemporary Art,4.5,75,Unique contemporary art showcasing artisanal craftsmanship and community heritage.,True,False
p-336,Singhi Park Sarbojanin Durga Puja,South,South Kolkata,22.50533,88.35891,Kalighat / Jatin Das Park / Gariahat,13,Kalighat Auto Stand,Grand Lighting & Architecture,4.7,15,Unique grand lighting & architecture showcasing artisanal craftsmanship and community heritage.,False,False
p-337,Sitalatala Mahila Samity,North,North 24 Parganas,22.60448,88.40832,Dum Dum / VIP Road,3,Nagerbazar Auto Stand,Contemporary Art,4.8,25,Unique contemporary art showcasing artisanal craftsmanship and community heritage.,False,True
p-338,Sixemes Cooperative Housing Durgotsav,East,East Kolkata,22.56004,88.39798,Salt Lake / Phoolbagan,11,Ultadanga Auto Hub,Social Theme,4.4,40,Unique social theme showcasing artisanal craftsmanship and community heritage.,False,True
p-339,SOE Residents Durga Puja,North,North 24 Parganas,22.63243,88.4184,Dum Dum / VIP Road,14,Nagerbazar Auto Stand,Social Theme,4.5,20,Unique social theme showcasing artisanal craftsmanship and community heritage.,False,False
p-340,Sonarpur Power House Sarbojanin Durgotsab,South,South 24 Parganas,22.47088,88.37637,Kavi Subhash (New Garia),14,Garia Station Auto Stand,Contemporary Art,4.7,45,Unique contemporary art showcasing artisanal craftsmanship and community heritage.,False,False
p-341,Sonarpur Sarbojanin Durgotsav Puja Committee,South,South Kolkata,22.52047,88.3677,Kalighat / Jatin Das Park / Gariahat,14,Kalighat Auto Stand,Contemporary Art,4.5,60,Unique contemporary art showcasing artisanal craftsmanship and community heritage.,True,True
p-342,Sovabazar Sarbojanin Durgotsav,North,North Kolkata,22.57969,88.37959,Shyambazar / Sovabazar,7,Shyambazar 5-Point Stand,Bonedi Bari,4.7,90,Unique bonedi bari showcasing artisanal craftsmanship and community heritage.,True,False
p-343,"Sree Sree Durga Puja Committee, Rabindrapally",East,East Kolkata,22.5817,88.38258,Salt Lake / Phoolbagan,18,Ultadanga Auto Hub,Heritage & Traditional,4.5,60,Unique heritage & traditional showcasing artisanal craftsmanship and community heritage.,True,False
p-344,Sreebhumi Sporting Club Durga Puja,North,North Kolkata,22.58456,88.35173,Shyambazar / Sovabazar,14,Shyambazar 5-Point Stand,Social Theme,4.6,90,Unique social theme showcasing artisanal craftsmanship and community heritage.,True,True
p-345,Sreemapally Sarbojanin Durga Puja,South,Behala,22.50379,88.32584,Taratala / Behala Chowrasta,3,Behala Tram Depot Auto Point,Grand Lighting & Architecture,4.3,20,Unique grand lighting & architecture showcasing artisanal craftsmanship and community heritage.,False,True
p-346,Sri Sri Sarbojanin Durga Puja,South,South Kolkata,22.52723,88.33827,Kalighat / Jatin Das Park / Gariahat,10,Kalighat Auto Stand,Grand Lighting & Architecture,4.4,30,Unique grand lighting & architecture showcasing artisanal craftsmanship and community heritage.,False,True
p-347,State Bank Park Sarbojanin Durga Puja,South,Behala,22.50978,88.32492,Taratala / Behala Chowrasta,13,Behala Tram Depot Auto Point,Bonedi Bari,4.3,90,Unique bonedi bari showcasing artisanal craftsmanship and community heritage.,True,False
p-348,Subhaspally Shaktinagar Sarbojanin Durgatsav,South,Howrah,22.56922,88.34049,Howrah Railway & Metro,9,Howrah Station Auto Bay,Contemporary Art,4.8,25,Unique contemporary art showcasing artisanal craftsmanship and community heritage.,False,True
p-349,Subodh Garden Cultural & Welfare Society,South,South 24 Parganas,22.45725,88.39063,Kavi Subhash (New Garia),14,Garia Station Auto Stand,Contemporary Art,4.6,60,Unique contemporary art showcasing artisanal craftsmanship and community heritage.,True,False
p-350,Sujaday Club Durga Puja,South,South 24 Parganas,22.46966,88.36681,Kavi Subhash (New Garia),14,Garia Station Auto Stand,Bonedi Bari,4.4,40,Unique bonedi bari showcasing artisanal craftsmanship and community heritage.,False,False
p-351,Surya Nagar Sarbojanin Durga Puja,South,South Kolkata,22.52928,88.35214,Kalighat / Jatin Das Park / Gariahat,9,Kalighat Auto Stand,Heritage & Traditional,4.4,50,Unique heritage & traditional showcasing artisanal craftsmanship and community heritage.,True,False
p-352,Swamiji Sarak Sarbojanin Durgotsab,South,Behala,22.48881,88.33523,Taratala / Behala Chowrasta,9,Behala Tram Depot Auto Point,Social Theme,5.0,35,Unique social theme showcasing artisanal craftsmanship and community heritage.,False,False
p-353,Tala Barowari Durgotsab,North,North Kolkata,22.59805,88.365,Shyambazar / Sovabazar,7,Shyambazar 5-Point Stand,Bonedi Bari,5.0,20,Unique bonedi bari showcasing artisanal craftsmanship and community heritage.,False,False
p-354,Tala Dakshin Pally Durgotsav Committee,North,North Kolkata,22.59667,88.38036,Shyambazar / Sovabazar,14,Shyambazar 5-Point Stand,Heritage & Traditional,4.9,35,Unique heritage & traditional showcasing artisanal craftsmanship and community heritage.,False,False
p-355,Tala Park 15 Pally Durga Puja,North,North Kolkata,22.60319,88.35588,Shyambazar / Sovabazar,15,Shyambazar 5-Point Stand,Contemporary Art,4.5,90,Unique contemporary art showcasing artisanal craftsmanship and community heritage.,True,False
p-356,Taratala Milantirtha Institute,South,Behala,22.49227,88.33358,Taratala / Behala Chowrasta,13,Behala Tram Depot Auto Point,Heritage & Traditional,4.6,60,Unique heritage & traditional showcasing artisanal craftsmanship and community heritage.,True,True
p-357,Telengabagan Sarbojanin Durgotsab,North,North Kolkata,22.57898,88.35992,Shyambazar / Sovabazar,7,Shyambazar 5-Point Stand,Contemporary Art,4.6,50,Unique contemporary art showcasing artisanal craftsmanship and community heritage.,False,False
p-358,Tentultala Bazar Barowari Mandir Sarbojanin Durgotsab Committee,South,Hooghly,22.88785,88.3878,Suburban Railway Line,17,Grand Trunk Road Auto Stand,Contemporary Art,4.6,20,Unique contemporary art showcasing artisanal craftsmanship and community heritage.,False,True
p-359,Thakurpukur Sister Nivedita Multipurpose Society,South,South 24 Parganas,22.45666,88.37044,Kavi Subhash (New Garia),13,Garia Station Auto Stand,Heritage & Traditional,4.6,35,Unique heritage & traditional showcasing artisanal craftsmanship and community heritage.,False,True
p-360,Topkhana Sarvajanik Durga Puja,South,Other Zone,22.55833,88.37554,Esplanade Interchange,19,Esplanade Central Stand,Heritage & Traditional,4.4,35,Unique heritage & traditional showcasing artisanal craftsmanship and community heritage.,False,True
p-361,Torpedo Welfare Society Durga Puja,South,Howrah,22.59019,88.35262,Howrah Railway & Metro,6,Howrah Station Auto Bay,Heritage & Traditional,4.9,45,Unique heritage & traditional showcasing artisanal craftsmanship and community heritage.,False,False
p-362,Tridhara Sammilani Durga Puja,South,South Kolkata,22.51497,88.34986,Kalighat / Jatin Das Park / Gariahat,18,Kalighat Auto Stand,Social Theme,4.9,15,Unique social theme showcasing artisanal craftsmanship and community heritage.,False,True
p-363,Tulipians Durgotsav,South,South Kolkata,22.51573,88.34478,Kalighat / Jatin Das Park / Gariahat,16,Kalighat Auto Stand,Heritage & Traditional,4.3,50,Unique heritage & traditional showcasing artisanal craftsmanship and community heritage.,False,True
p-364,Udairampur Recreation Club,South,South 24 Parganas,22.45034,88.37862,Kavi Subhash (New Garia),16,Garia Station Auto Stand,Bonedi Bari,4.8,45,Unique bonedi bari showcasing artisanal craftsmanship and community heritage.,True,False
p-365,Udayan Kidderpore Durga Puja,South,South Kolkata,22.5178,88.35175,Kalighat / Jatin Das Park / Gariahat,19,Kalighat Auto Stand,Social Theme,4.9,60,Unique social theme showcasing artisanal craftsmanship and community heritage.,True,True
p-366,Ukhra Saradapally Main Road Sarbojanin Durga Puja,South,Other Zone,22.56534,88.36341,Esplanade Interchange,17,Esplanade Central Stand,Bonedi Bari,4.8,45,Unique bonedi bari showcasing artisanal craftsmanship and community heritage.,True,False
p-367,Ultadanga Jagarani Sangha Durga Puja,North,North Kolkata,22.60168,88.37368,Shyambazar / Sovabazar,3,Shyambazar 5-Point Stand,Grand Lighting & Architecture,4.4,25,Unique grand lighting & architecture showcasing artisanal craftsmanship and community heritage.,False,True
p-368,Ultadanga Pallyshree Durga Puja,North,North Kolkata,22.59831,88.35164,Shyambazar / Sovabazar,9,Shyambazar 5-Point Stand,Contemporary Art,4.6,30,Unique contemporary art showcasing artisanal craftsmanship and community heritage.,False,False
p-369,Ultadanga Sangrami Durga Puja,North,North Kolkata,22.60742,88.37611,Shyambazar / Sovabazar,13,Shyambazar 5-Point Stand,Contemporary Art,4.8,25,Unique contemporary art showcasing artisanal craftsmanship and community heritage.,False,False
p-370,Upohar Utsav Committee,South,South Kolkata,22.50516,88.34402,Kalighat / Jatin Das Park / Gariahat,10,Kalighat Auto Stand,Social Theme,4.8,45,Unique social theme showcasing artisanal craftsmanship and community heritage.,False,False
p-371,Uttar Bantra Kumar Para Baroary Samity Durga Puja,South,Howrah,22.57905,88.35036,Howrah Railway & Metro,10,Howrah Station Auto Bay,Grand Lighting & Architecture,4.4,45,Unique grand lighting & architecture showcasing artisanal craftsmanship and community heritage.,True,True
p-372,Uttar Purba Baishnabghata Patuli Sarbojanin Durgotsab Committee,South,South 24 Parganas,22.4432,88.38638,Kavi Subhash (New Garia),13,Garia Station Auto Stand,Contemporary Art,4.3,90,Unique contemporary art showcasing artisanal craftsmanship and community heritage.,False,False
p-373,Uttar Salkia Sarbojanin Durgotsab,South,Howrah,22.5993,88.32253,Howrah Railway & Metro,8,Howrah Station Auto Bay,Bonedi Bari,4.6,35,Unique bonedi bari showcasing artisanal craftsmanship and community heritage.,False,True
p-374,VIP Nagar Sarbojanin Durga Puja Committee,South,South Kolkata,22.51472,88.36991,Kalighat / Jatin Das Park / Gariahat,9,Kalighat Auto Stand,Heritage & Traditional,4.6,45,Unique heritage & traditional showcasing artisanal craftsmanship and community heritage.,False,False
p-375,Wellington Nagarik Kalyan Samity Durga Puja,Central,Central Kolkata,22.56375,88.36293,MG Road / Central / Sealdah,10,College Street Auto Stand,Heritage & Traditional,4.9,15,Unique heritage & traditional showcasing artisanal craftsmanship and community heritage.,False,True
p-376,West Ananda Nagar Youth Club,South,Other Zone,22.54308,88.3693,Esplanade Interchange,12,Esplanade Central Stand,Social Theme,4.7,40,Unique social theme showcasing artisanal craftsmanship and community heritage.,False,False
p-377,Westend Park Sarbojanin Durga Puja,South,South Kolkata,22.52776,88.35418,Kalighat / Jatin Das Park / Gariahat,7,Kalighat Auto Stand,Social Theme,4.8,25,Unique social theme showcasing artisanal craftsmanship and community heritage.,False,True
p-378,Windsor Greens Flat Owners Association,South,South 24 Parganas,22.47633,88.38638,Kavi Subhash (New Garia),10,Garia Station Auto Stand,Grand Lighting & Architecture,4.4,75,Unique grand lighting & architecture showcasing artisanal craftsmanship and community heritage.,False,False
p-379,Young Citizens Club Durga Puja,North,North Kolkata,22.61018,88.366,Shyambazar / Sovabazar,6,Shyambazar 5-Point Stand,Grand Lighting & Architecture,4.8,50,Unique grand lighting & architecture showcasing artisanal craftsmanship and community heritage.,True,True
